{
  "n_clusters_found": 23,
  "n_noise_points": 0,
  "noise_ratio": 0.0,
  "avg_intra_distance": 0.3927173480539936,
  "avg_inter_distance": 0.39394766280137195,
  "separation_ratio": 1.0031328250546476,
  "silhouette_score": 0.0339110160703988,
  "davies_bouldin_score": 3.119316592766541,
  "calinski_harabasz_score": 205.26972909929347,
  "adjusted_rand_score": 0.8866734242884337,
  "normalized_mutual_info": 0.8883841667860995,
  "adjusted_mutual_info": 0.8879094999076024,
  "homogeneity": 0.8815845395363242,
  "completeness": 0.8952894998615846,
  "v_measure": 0.8883841667860995,
  "cluster_compactness": 0.7180207824633427
}