{
  "n_clusters_found": 23,
  "n_noise_points": 0,
  "noise_ratio": 0.0,
  "avg_intra_distance": 0.7354753017425537,
  "avg_inter_distance": 5.2807817459106445,
  "separation_ratio": 7.180093924838734,
  "silhouette_score": 0.31233662366867065,
  "davies_bouldin_score": 1.1132010079798902,
  "calinski_harabasz_score": 19438.05078125,
  "adjusted_rand_score": 0.30297519024695707,
  "normalized_mutual_info": 0.5630957856902495,
  "adjusted_mutual_info": 0.5614423366536442,
  "homogeneity": 0.6744838881170377,
  "completeness": 0.4832835875113141,
  "v_measure": 0.5630957856902495,
  "cluster_compactness": 0.5762110235714224
}