{
  "n_clusters_found": 23,
  "n_noise_points": 0,
  "noise_ratio": 0.0,
  "avg_intra_distance": 0.5470181107521057,
  "avg_inter_distance": 9.401514053344727,
  "separation_ratio": 17.186842388853275,
  "silhouette_score": 0.5199417471885681,
  "davies_bouldin_score": 0.5639222337606087,
  "calinski_harabasz_score": 78055.3671875,
  "adjusted_rand_score": 0.5054877687911076,
  "normalized_mutual_info": 0.813629491457508,
  "adjusted_mutual_info": 0.8129051340595126,
  "homogeneity": 0.9465510870846439,
  "completeness": 0.7134426761856822,
  "v_measure": 0.8136294914575078,
  "cluster_compactness": 0.6464048436471344
}