{
  "kmeans": {
    "n_clusters_found": 23,
    "n_noise_points": 0,
    "noise_ratio": 0.0,
    "avg_intra_distance": 0.42373540363071877,
    "avg_inter_distance": 0.30516562250899565,
    "separation_ratio": 0.7201796684776061,
    "silhouette_score": 0.028627862592432066,
    "davies_bouldin_score": 4.608845167197546,
    "calinski_harabasz_score": 264.3712245647675,
    "adjusted_rand_score": 0.33090640969323315,
    "normalized_mutual_info": 0.6781312544229635,
    "adjusted_mutual_info": 0.676930412989576,
    "homogeneity": 0.8299673064997772,
    "completeness": 0.5732581435683037,
    "v_measure": 0.6781312544229635,
    "cluster_compactness": 0.7023777012567533
  },
  "hdbscan": {
    "n_clusters_found": 16,
    "n_noise_points": 866,
    "noise_ratio": 0.033731936275464496,
    "avg_intra_distance": 0.5490626096725464,
    "avg_inter_distance": 8.49248218536377,
    "separation_ratio": 15.467238227036754,
    "silhouette_score": 0.6792973279953003,
    "davies_bouldin_score": 0.3436481836520947,
    "calinski_harabasz_score": 46830.09765625,
    "adjusted_rand_score": 0.9767215588310455,
    "normalized_mutual_info": 0.9604878883305332,
    "adjusted_mutual_info": 0.9603651184132017,
    "homogeneity": 0.965032326556294,
    "completeness": 0.9559860499680072,
    "v_measure": 0.9604878883305331,
    "cluster_compactness": 0.6455516993024499
  },
  "spectral": {
    "n_clusters_found": 23,
    "n_noise_points": 0,
    "noise_ratio": 0.0,
    "avg_intra_distance": 0.3927173480539936,
    "avg_inter_distance": 0.39394766280137195,
    "separation_ratio": 1.0031328250546476,
    "silhouette_score": 0.0339110160703988,
    "davies_bouldin_score": 3.119316592766541,
    "calinski_harabasz_score": 205.26972909929347,
    "adjusted_rand_score": 0.8866734242884337,
    "normalized_mutual_info": 0.8883841667860995,
    "adjusted_mutual_info": 0.8879094999076024,
    "homogeneity": 0.8815845395363242,
    "completeness": 0.8952894998615846,
    "v_measure": 0.8883841667860995,
    "cluster_compactness": 0.7180207824633427
  },
  "birch": {
    "n_clusters_found": 1,
    "n_noise_points": 0,
    "noise_ratio": 0.0,
    "cluster_compactness": 0.0
  },
  "gmm": {
    "n_clusters_found": 23,
    "n_noise_points": 0,
    "noise_ratio": 0.0,
    "avg_intra_distance": 0.5470181107521057,
    "avg_inter_distance": 9.401514053344727,
    "separation_ratio": 17.186842388853275,
    "silhouette_score": 0.5199417471885681,
    "davies_bouldin_score": 0.5639222337606087,
    "calinski_harabasz_score": 78055.3671875,
    "adjusted_rand_score": 0.5054877687911076,
    "normalized_mutual_info": 0.813629491457508,
    "adjusted_mutual_info": 0.8129051340595126,
    "homogeneity": 0.9465510870846439,
    "completeness": 0.7134426761856822,
    "v_measure": 0.8136294914575078,
    "cluster_compactness": 0.6464048436471344
  },
  "meanshift": {
    "n_clusters_found": 9,
    "n_noise_points": 0,
    "noise_ratio": 0.0,
    "avg_intra_distance": 2.123599052429199,
    "avg_inter_distance": 9.034611701965332,
    "separation_ratio": 4.254386764596913,
    "silhouette_score": 0.6843229532241821,
    "davies_bouldin_score": 0.9970351528696971,
    "calinski_harabasz_score": 38088.3515625,
    "adjusted_rand_score": 0.9179415558752186,
    "normalized_mutual_info": 0.8732632731637691,
    "adjusted_mutual_info": 0.8730405670245202,
    "homogeneity": 0.8228340272666461,
    "completeness": 0.9302774312807346,
    "v_measure": 0.8732632731637692,
    "cluster_compactness": 0.32014352137234375
  },
  "optics": {
    "n_clusters_found": 16,
    "n_noise_points": 7103,
    "noise_ratio": 0.27667199002843457,
    "avg_intra_distance": 0.4913559854030609,
    "avg_inter_distance": 8.423101425170898,
    "separation_ratio": 17.14256399718302,
    "silhouette_score": 0.7848505973815918,
    "davies_bouldin_score": 0.29117774143307673,
    "calinski_harabasz_score": 65212.5859375,
    "adjusted_rand_score": 0.9631562432618308,
    "normalized_mutual_info": 0.9496767423367274,
    "adjusted_mutual_info": 0.9494765991565625,
    "homogeneity": 0.9554844149810724,
    "completeness": 0.943939244121108,
    "v_measure": 0.9496767423367273,
    "cluster_compactness": 0.6705307182106057
  }
}