{
  "n_clusters_found": 15,
  "n_noise_points": 767,
  "noise_ratio": 0.029875744946052274,
  "avg_intra_distance": 0.6290561556816101,
  "avg_inter_distance": 8.269214630126953,
  "separation_ratio": 13.145431541269783,
  "silhouette_score": 0.6721634864807129,
  "davies_bouldin_score": 0.366725888944374,
  "calinski_harabasz_score": 34210.8828125,
  "adjusted_rand_score": 0.9197043627950648,
  "normalized_mutual_info": 0.9176544719220104,
  "adjusted_mutual_info": 0.9174181666095915,
  "homogeneity": 0.9176113320186267,
  "completeness": 0.9176976158818804,
  "v_measure": 0.9176544719220106,
  "cluster_compactness": 0.6138523810320043
}