{
  "n_clusters_found": 23,
  "n_noise_points": 0,
  "noise_ratio": 0.0,
  "avg_intra_distance": 0.5631257174712408,
  "avg_inter_distance": 0.8191092927225294,
  "separation_ratio": 1.4545762470249137,
  "silhouette_score": 0.01742560271166532,
  "davies_bouldin_score": 2.510696345856121,
  "calinski_harabasz_score": 230.5399134971098,
  "adjusted_rand_score": 0.7301514960084864,
  "normalized_mutual_info": 0.7334806768644749,
  "adjusted_mutual_info": 0.7323794675988882,
  "homogeneity": 0.6972902043418794,
  "completeness": 0.773633487407703,
  "v_measure": 0.7334806768644748,
  "cluster_compactness": 0.6397438087179309
}