{
  "n_clusters_found": 4,
  "n_noise_points": 98,
  "noise_ratio": 0.06824512534818941,
  "silhouette_score": 0.05330563583099316,
  "davies_bouldin_score": 2.2930582578042706,
  "calinski_harabasz_score": 15.052298977596626,
  "avg_intra_distance": 0.5898326009392715,
  "avg_inter_distance": 0.6504495499184045,
  "separation_ratio": 1.102769750065704,
  "adjusted_rand_score": 0.05956690401946078,
  "normalized_mutual_info": 0.223195420691645,
  "adjusted_mutual_info": 0.21824514757167462,
  "homogeneity": 0.12867387999283258,
  "completeness": 0.8409210429124265,
  "v_measure": 0.22319542069164494,
  "cluster_compactness": 0.6289970399457157
}