{
  "n_clusters_found": 13,
  "n_noise_points": 889,
  "noise_ratio": 0.034627819109570364,
  "avg_intra_distance": 0.6712278723716736,
  "avg_inter_distance": 7.797313213348389,
  "separation_ratio": 11.616492005610347,
  "silhouette_score": 0.6297188401222229,
  "davies_bouldin_score": 0.36080028494168925,
  "calinski_harabasz_score": 20528.9375,
  "adjusted_rand_score": 0.7774341993453665,
  "normalized_mutual_info": 0.8577455804952047,
  "adjusted_mutual_info": 0.8573648038944187,
  "homogeneity": 0.7866695775460728,
  "completeness": 0.9429407661048863,
  "v_measure": 0.8577455804952047,
  "cluster_compactness": 0.5983624474745504
}