{
  "kmeans": {
    "n_clusters_found": 23,
    "n_noise_points": 0,
    "noise_ratio": 0.0,
    "avg_intra_distance": 0.6435511318776453,
    "avg_inter_distance": 0.5739563580191491,
    "separation_ratio": 0.8918582061141835,
    "silhouette_score": 0.03297828167684586,
    "davies_bouldin_score": 3.865585707911714,
    "calinski_harabasz_score": 347.1811383835116,
    "adjusted_rand_score": 0.29061627469866963,
    "normalized_mutual_info": 0.5909653681879459,
    "adjusted_mutual_info": 0.5894361478706317,
    "homogeneity": 0.7206598009804488,
    "completeness": 0.5008324386591763,
    "v_measure": 0.5909653681879458,
    "cluster_compactness": 0.6084386305995653
  },
  "hdbscan": {
    "n_clusters_found": 15,
    "n_noise_points": 1161,
    "noise_ratio": 0.04522260740856152,
    "avg_intra_distance": 0.5100080966949463,
    "avg_inter_distance": 7.385189533233643,
    "separation_ratio": 14.480533899545096,
    "silhouette_score": 0.6129443049430847,
    "davies_bouldin_score": 0.3995969999676907,
    "calinski_harabasz_score": 24942.0390625,
    "adjusted_rand_score": 0.7163679913163058,
    "normalized_mutual_info": 0.7942924046502182,
    "adjusted_mutual_info": 0.7936407471942947,
    "homogeneity": 0.7675697042377512,
    "completeness": 0.8229429058465105,
    "v_measure": 0.7942924046502182,
    "cluster_compactness": 0.6622481046219325
  },
  "spectral": {
    "n_clusters_found": 23,
    "n_noise_points": 0,
    "noise_ratio": 0.0,
    "avg_intra_distance": 0.5631257174712408,
    "avg_inter_distance": 0.8191092927225294,
    "separation_ratio": 1.4545762470249137,
    "silhouette_score": 0.01742560271166532,
    "davies_bouldin_score": 2.510696345856121,
    "calinski_harabasz_score": 230.5399134971098,
    "adjusted_rand_score": 0.7301514960084864,
    "normalized_mutual_info": 0.7334806768644749,
    "adjusted_mutual_info": 0.7323794675988882,
    "homogeneity": 0.6972902043418794,
    "completeness": 0.773633487407703,
    "v_measure": 0.7334806768644748,
    "cluster_compactness": 0.6397438087179309
  },
  "birch": {
    "n_clusters_found": 23,
    "n_noise_points": 0,
    "noise_ratio": 0.0,
    "avg_intra_distance": 0.667180454876793,
    "avg_inter_distance": 0.5299509928996279,
    "separation_ratio": 0.7943143253461958,
    "silhouette_score": 0.026745936308775524,
    "davies_bouldin_score": 4.472707374293644,
    "calinski_harabasz_score": 298.3271204368493,
    "adjusted_rand_score": 0.42835388500770966,
    "normalized_mutual_info": 0.6586364836223106,
    "adjusted_mutual_info": 0.6573149658538262,
    "homogeneity": 0.7778080191277738,
    "completeness": 0.5711308981407293,
    "v_measure": 0.6586364836223108,
    "cluster_compactness": 0.5998150932461006
  },
  "gmm": {
    "n_clusters_found": 23,
    "n_noise_points": 0,
    "noise_ratio": 0.0,
    "avg_intra_distance": 0.5775854587554932,
    "avg_inter_distance": 8.692359924316406,
    "separation_ratio": 15.049478466867198,
    "silhouette_score": 0.43841105699539185,
    "davies_bouldin_score": 0.8347209977642037,
    "calinski_harabasz_score": 71984.1015625,
    "adjusted_rand_score": 0.40525353574297696,
    "normalized_mutual_info": 0.7166435927403961,
    "adjusted_mutual_info": 0.7155659110713273,
    "homogeneity": 0.852353508376826,
    "completeness": 0.6182130273044649,
    "v_measure": 0.7166435927403961,
    "cluster_compactness": 0.6338800820266612
  },
  "meanshift": {
    "n_clusters_found": 5,
    "n_noise_points": 0,
    "noise_ratio": 0.0,
    "avg_intra_distance": 1.5743908882141113,
    "avg_inter_distance": 7.576737403869629,
    "separation_ratio": 4.81248809338842,
    "silhouette_score": 0.3935890793800354,
    "davies_bouldin_score": 0.8586780985349376,
    "calinski_harabasz_score": 20613.412109375,
    "adjusted_rand_score": 0.48101406033763555,
    "normalized_mutual_info": 0.6397811882001099,
    "adjusted_mutual_info": 0.6394252622576828,
    "homogeneity": 0.5344617014994858,
    "completeness": 0.7967953993830681,
    "v_measure": 0.63978118820011,
    "cluster_compactness": 0.3884413997027907
  },
  "optics": {
    "n_clusters_found": 11,
    "n_noise_points": 11555,
    "noise_ratio": 0.4500837455692751,
    "avg_intra_distance": 0.4327273368835449,
    "avg_inter_distance": 8.789382934570312,
    "separation_ratio": 20.311596207141637,
    "silhouette_score": 0.8250634074211121,
    "davies_bouldin_score": 0.2025591154658917,
    "calinski_harabasz_score": 47572.90625,
    "adjusted_rand_score": 0.9016437388078979,
    "normalized_mutual_info": 0.8939704327949555,
    "adjusted_mutual_info": 0.8936377139583906,
    "homogeneity": 0.9374513666518265,
    "completeness": 0.854344182096311,
    "v_measure": 0.8939704327949555,
    "cluster_compactness": 0.6979695118927448
  }
}