{
  "n_clusters_found": 23,
  "n_noise_points": 0,
  "noise_ratio": 0.0,
  "avg_intra_distance": 0.5949752056979498,
  "avg_inter_distance": 0.8444842228838425,
  "separation_ratio": 1.4193603612325327,
  "silhouette_score": 0.007095038526305328,
  "davies_bouldin_score": 2.584588468675038,
  "calinski_harabasz_score": 215.41454662607583,
  "adjusted_rand_score": 0.5088056711946886,
  "normalized_mutual_info": 0.5701686130304364,
  "adjusted_mutual_info": 0.568337826715569,
  "homogeneity": 0.5280662834012929,
  "completeness": 0.6195661592962943,
  "v_measure": 0.5701686130304364,
  "cluster_compactness": 0.6269689938925459
}