{
  "kmeans": {
    "n_clusters_found": 23,
    "n_noise_points": 0,
    "noise_ratio": 0.0,
    "avg_intra_distance": 0.7324282977869131,
    "avg_inter_distance": 0.5654951757687089,
    "separation_ratio": 0.7720826427343057,
    "silhouette_score": 0.04221797565318727,
    "davies_bouldin_score": 3.90813395157801,
    "calinski_harabasz_score": 301.74070216215335,
    "adjusted_rand_score": 0.29521285472578757,
    "normalized_mutual_info": 0.6551779966656097,
    "adjusted_mutual_info": 0.6538948058094538,
    "homogeneity": 0.8031861106157336,
    "completeness": 0.5532307212473248,
    "v_measure": 0.6551779966656098,
    "cluster_compactness": 0.5772244665348909
  },
  "hdbscan": {
    "n_clusters_found": 13,
    "n_noise_points": 889,
    "noise_ratio": 0.034627819109570364,
    "avg_intra_distance": 0.6712278723716736,
    "avg_inter_distance": 7.797313213348389,
    "separation_ratio": 11.616492005610347,
    "silhouette_score": 0.6297188401222229,
    "davies_bouldin_score": 0.36080028494168925,
    "calinski_harabasz_score": 20528.9375,
    "adjusted_rand_score": 0.7774341993453665,
    "normalized_mutual_info": 0.8577455804952047,
    "adjusted_mutual_info": 0.8573648038944187,
    "homogeneity": 0.7866695775460728,
    "completeness": 0.9429407661048863,
    "v_measure": 0.8577455804952047,
    "cluster_compactness": 0.5983624474745504
  },
  "spectral": {
    "n_clusters_found": 23,
    "n_noise_points": 0,
    "noise_ratio": 0.0,
    "avg_intra_distance": 0.6830299494226256,
    "avg_inter_distance": 0.7152226956003844,
    "separation_ratio": 1.0471322614842464,
    "silhouette_score": 0.03962353732938507,
    "davies_bouldin_score": 2.938742574777753,
    "calinski_harabasz_score": 221.76336398909504,
    "adjusted_rand_score": 0.7886992498637788,
    "normalized_mutual_info": 0.8281392580709541,
    "adjusted_mutual_info": 0.8274081217084744,
    "homogeneity": 0.8360229607189733,
    "completeness": 0.8204028531517958,
    "v_measure": 0.8281392580709541,
    "cluster_compactness": 0.5941664914180859
  },
  "birch": {
    "n_clusters_found": 23,
    "n_noise_points": 0,
    "noise_ratio": 0.0,
    "avg_intra_distance": 0.7374835146790187,
    "avg_inter_distance": 0.5560130944847064,
    "separation_ratio": 0.7539329129637626,
    "silhouette_score": 0.028933745023918333,
    "davies_bouldin_score": 4.372624956348547,
    "calinski_harabasz_score": 268.6574405299516,
    "adjusted_rand_score": 0.32353922729375706,
    "normalized_mutual_info": 0.6627853619551985,
    "adjusted_mutual_info": 0.6615144540690691,
    "homogeneity": 0.8028491243313146,
    "completeness": 0.5643327766188979,
    "v_measure": 0.6627853619551985,
    "cluster_compactness": 0.575545029090385
  },
  "gmm": {
    "n_clusters_found": 23,
    "n_noise_points": 0,
    "noise_ratio": 0.0,
    "avg_intra_distance": 0.690860390663147,
    "avg_inter_distance": 9.014983177185059,
    "separation_ratio": 13.048921748910377,
    "silhouette_score": 0.4933815598487854,
    "davies_bouldin_score": 0.6693956934345511,
    "calinski_harabasz_score": 41776.62890625,
    "adjusted_rand_score": 0.481707421751644,
    "normalized_mutual_info": 0.7456887068969228,
    "adjusted_mutual_info": 0.7446997279034343,
    "homogeneity": 0.8596882267773133,
    "completeness": 0.6583833517065357,
    "v_measure": 0.7456887068969228,
    "cluster_compactness": 0.5914148829329458
  },
  "meanshift": {
    "n_clusters_found": 8,
    "n_noise_points": 0,
    "noise_ratio": 0.0,
    "avg_intra_distance": 1.4846669435501099,
    "avg_inter_distance": 8.860790252685547,
    "separation_ratio": 5.968200673679565,
    "silhouette_score": 0.4790423810482025,
    "davies_bouldin_score": 0.7791262094239165,
    "calinski_harabasz_score": 13463.994140625,
    "adjusted_rand_score": 0.6663493141901956,
    "normalized_mutual_info": 0.7042234734572733,
    "adjusted_mutual_info": 0.7037512406088275,
    "homogeneity": 0.6242545879603132,
    "completeness": 0.8076911303483119,
    "v_measure": 0.7042234734572733,
    "cluster_compactness": 0.40246842845310804
  },
  "optics": {
    "n_clusters_found": 13,
    "n_noise_points": 8866,
    "noise_ratio": 0.34534335683402795,
    "avg_intra_distance": 0.5347064733505249,
    "avg_inter_distance": 7.914029598236084,
    "separation_ratio": 14.80069906138591,
    "silhouette_score": 0.7372239232063293,
    "davies_bouldin_score": 0.30870234387855255,
    "calinski_harabasz_score": 22873.513671875,
    "adjusted_rand_score": 0.9099550497612453,
    "normalized_mutual_info": 0.9059865443998288,
    "adjusted_mutual_info": 0.9056062264361883,
    "homogeneity": 0.8549161005696352,
    "completeness": 0.9635462693778296,
    "v_measure": 0.9059865443998287,
    "cluster_compactness": 0.6515903968377941
  }
}