{
  "n_clusters_found": 23,
  "n_noise_points": 0,
  "noise_ratio": 0.0,
  "avg_intra_distance": 0.672762930393219,
  "avg_inter_distance": 8.737415313720703,
  "separation_ratio": 12.987361400268927,
  "silhouette_score": 0.514091968536377,
  "davies_bouldin_score": 0.7561278835702432,
  "calinski_harabasz_score": 57193.58984375,
  "adjusted_rand_score": 0.46153862363849485,
  "normalized_mutual_info": 0.7712000721682508,
  "adjusted_mutual_info": 0.7703214470288383,
  "homogeneity": 0.908985004663178,
  "completeness": 0.6696880339334961,
  "v_measure": 0.7712000721682508,
  "cluster_compactness": 0.5978133433199219
}