{
  "n_clusters_found": 3,
  "n_noise_points": 973,
  "noise_ratio": 0.03789973902543528,
  "avg_intra_distance": 1.2433671951293945,
  "avg_inter_distance": 6.3097758293151855,
  "separation_ratio": 5.074748516795588,
  "silhouette_score": 0.13120931386947632,
  "davies_bouldin_score": 0.6382863339326682,
  "calinski_harabasz_score": 1047.5792236328125,
  "adjusted_rand_score": 0.01902832857169883,
  "normalized_mutual_info": 0.08910493871050462,
  "adjusted_mutual_info": 0.08837268210188534,
  "homogeneity": 0.04800070011203928,
  "completeness": 0.6201875314066762,
  "v_measure": 0.08910493871050462,
  "cluster_compactness": 0.4457585018498594
}