{
  "kmeans": {
    "n_clusters_found": 23,
    "n_noise_points": 0,
    "noise_ratio": 0.0,
    "avg_intra_distance": 0.6476084264228031,
    "avg_inter_distance": 0.4852344041651301,
    "separation_ratio": 0.7492712947628261,
    "silhouette_score": 0.033044532127523264,
    "davies_bouldin_score": 4.217525561647722,
    "calinski_harabasz_score": 292.7532770986295,
    "adjusted_rand_score": 0.31212154560046307,
    "normalized_mutual_info": 0.6501380644652905,
    "adjusted_mutual_info": 0.6488384836459617,
    "homogeneity": 0.7990377674110903,
    "completeness": 0.5480159649599374,
    "v_measure": 0.6501380644652905,
    "cluster_compactness": 0.606940328759513
  },
  "hdbscan": {
    "n_clusters_found": 15,
    "n_noise_points": 767,
    "noise_ratio": 0.029875744946052274,
    "avg_intra_distance": 0.6290561556816101,
    "avg_inter_distance": 8.269214630126953,
    "separation_ratio": 13.145431541269783,
    "silhouette_score": 0.6721634864807129,
    "davies_bouldin_score": 0.366725888944374,
    "calinski_harabasz_score": 34210.8828125,
    "adjusted_rand_score": 0.9197043627950648,
    "normalized_mutual_info": 0.9176544719220104,
    "adjusted_mutual_info": 0.9174181666095915,
    "homogeneity": 0.9176113320186267,
    "completeness": 0.9176976158818804,
    "v_measure": 0.9176544719220106,
    "cluster_compactness": 0.6138523810320043
  },
  "spectral": {
    "n_clusters_found": 23,
    "n_noise_points": 0,
    "noise_ratio": 0.0,
    "avg_intra_distance": 0.5927493736218223,
    "avg_inter_distance": 0.6412713647449526,
    "separation_ratio": 1.081859202695822,
    "silhouette_score": 0.03288418648789365,
    "davies_bouldin_score": 2.983282618608486,
    "calinski_harabasz_score": 206.69533719712305,
    "adjusted_rand_score": 0.841371518412286,
    "normalized_mutual_info": 0.8508943314201614,
    "adjusted_mutual_info": 0.850257342549632,
    "homogeneity": 0.8348765734452511,
    "completeness": 0.867538738496713,
    "v_measure": 0.8508943314201615,
    "cluster_compactness": 0.6278451692158298
  },
  "birch": {
    "n_clusters_found": 23,
    "n_noise_points": 0,
    "noise_ratio": 0.0,
    "avg_intra_distance": 0.6501377589159184,
    "avg_inter_distance": 0.4744209303266896,
    "separation_ratio": 0.7297236990476751,
    "silhouette_score": 0.025999044655929185,
    "davies_bouldin_score": 4.3684513015494515,
    "calinski_harabasz_score": 258.63675762894667,
    "adjusted_rand_score": 0.4277690821916594,
    "normalized_mutual_info": 0.698202955575946,
    "adjusted_mutual_info": 0.6970441708524544,
    "homogeneity": 0.8301339617223716,
    "completeness": 0.6024561801501674,
    "v_measure": 0.6982029555759461,
    "cluster_compactness": 0.6060100101321021
  },
  "gmm": {
    "n_clusters_found": 23,
    "n_noise_points": 0,
    "noise_ratio": 0.0,
    "avg_intra_distance": 0.672762930393219,
    "avg_inter_distance": 8.737415313720703,
    "separation_ratio": 12.987361400268927,
    "silhouette_score": 0.514091968536377,
    "davies_bouldin_score": 0.7561278835702432,
    "calinski_harabasz_score": 57193.58984375,
    "adjusted_rand_score": 0.46153862363849485,
    "normalized_mutual_info": 0.7712000721682508,
    "adjusted_mutual_info": 0.7703214470288383,
    "homogeneity": 0.908985004663178,
    "completeness": 0.6696880339334961,
    "v_measure": 0.7712000721682508,
    "cluster_compactness": 0.5978133433199219
  },
  "meanshift": {
    "n_clusters_found": 5,
    "n_noise_points": 0,
    "noise_ratio": 0.0,
    "avg_intra_distance": 3.137050151824951,
    "avg_inter_distance": 7.876952171325684,
    "separation_ratio": 2.5109423790191356,
    "silhouette_score": 0.41289353370666504,
    "davies_bouldin_score": 1.25519242952238,
    "calinski_harabasz_score": 14552.498046875,
    "adjusted_rand_score": 0.45959157740910306,
    "normalized_mutual_info": 0.58041296965912,
    "adjusted_mutual_info": 0.5799998415449477,
    "homogeneity": 0.4881769649807615,
    "completeness": 0.715622454790365,
    "v_measure": 0.5804129696591201,
    "cluster_compactness": 0.24171812361493278
  },
  "optics": {
    "n_clusters_found": 15,
    "n_noise_points": 1968,
    "noise_ratio": 0.07665640945740661,
    "avg_intra_distance": 0.5865136384963989,
    "avg_inter_distance": 8.330239295959473,
    "separation_ratio": 14.202976280850148,
    "silhouette_score": 0.6702802181243896,
    "davies_bouldin_score": 0.33786329298863355,
    "calinski_harabasz_score": 31482.515625,
    "adjusted_rand_score": 0.9188912541776425,
    "normalized_mutual_info": 0.9148730246038094,
    "adjusted_mutual_info": 0.9146150052267554,
    "homogeneity": 0.9206372823546826,
    "completeness": 0.9091804996080756,
    "v_measure": 0.9148730246038095,
    "cluster_compactness": 0.6303128922028929
  }
}