{
  "n_clusters_found": 1436,
  "n_noise_points": 0,
  "noise_ratio": 0.0,
  "avg_intra_distance": 0.0,
  "avg_inter_distance": 1.0151298789888719,
  "separation_ratio": 0.0,
  "adjusted_rand_score": 0.0,
  "normalized_mutual_info": 0.36405337203128346,
  "adjusted_mutual_info": 2.141133164590386e-13,
  "homogeneity": 0.9999999999999998,
  "completeness": 0.2225337708500385,
  "v_measure": 0.3640533720312835,
  "cluster_compactness": 0.0
}