{
  "n_clusters_found": 5,
  "n_noise_points": 0,
  "noise_ratio": 0.0,
  "avg_intra_distance": 3.137050151824951,
  "avg_inter_distance": 7.876952171325684,
  "separation_ratio": 2.5109423790191356,
  "silhouette_score": 0.41289353370666504,
  "davies_bouldin_score": 1.25519242952238,
  "calinski_harabasz_score": 14552.498046875,
  "adjusted_rand_score": 0.45959157740910306,
  "normalized_mutual_info": 0.58041296965912,
  "adjusted_mutual_info": 0.5799998415449477,
  "homogeneity": 0.4881769649807615,
  "completeness": 0.715622454790365,
  "v_measure": 0.5804129696591201,
  "cluster_compactness": 0.24171812361493278
}