{
  "n_clusters_found": 23,
  "n_noise_points": 0,
  "noise_ratio": 0.0,
  "avg_intra_distance": 0.7374835146790187,
  "avg_inter_distance": 0.5560130944847064,
  "separation_ratio": 0.7539329129637626,
  "silhouette_score": 0.028933745023918333,
  "davies_bouldin_score": 4.372624956348547,
  "calinski_harabasz_score": 268.6574405299516,
  "adjusted_rand_score": 0.32353922729375706,
  "normalized_mutual_info": 0.6627853619551985,
  "adjusted_mutual_info": 0.6615144540690691,
  "homogeneity": 0.8028491243313146,
  "completeness": 0.5643327766188979,
  "v_measure": 0.6627853619551985,
  "cluster_compactness": 0.575545029090385
}