{
  "n_clusters_found": 23,
  "n_noise_points": 0,
  "noise_ratio": 0.0,
  "avg_intra_distance": 0.690860390663147,
  "avg_inter_distance": 9.014983177185059,
  "separation_ratio": 13.048921748910377,
  "silhouette_score": 0.4933815598487854,
  "davies_bouldin_score": 0.6693956934345511,
  "calinski_harabasz_score": 41776.62890625,
  "adjusted_rand_score": 0.481707421751644,
  "normalized_mutual_info": 0.7456887068969228,
  "adjusted_mutual_info": 0.7446997279034343,
  "homogeneity": 0.8596882267773133,
  "completeness": 0.6583833517065357,
  "v_measure": 0.7456887068969228,
  "cluster_compactness": 0.5914148829329458
}