{
  "n_clusters_found": 15,
  "n_noise_points": 1968,
  "noise_ratio": 0.07665640945740661,
  "avg_intra_distance": 0.5865136384963989,
  "avg_inter_distance": 8.330239295959473,
  "separation_ratio": 14.202976280850148,
  "silhouette_score": 0.6702802181243896,
  "davies_bouldin_score": 0.33786329298863355,
  "calinski_harabasz_score": 31482.515625,
  "adjusted_rand_score": 0.9188912541776425,
  "normalized_mutual_info": 0.9148730246038094,
  "adjusted_mutual_info": 0.9146150052267554,
  "homogeneity": 0.9206372823546826,
  "completeness": 0.9091804996080756,
  "v_measure": 0.9148730246038095,
  "cluster_compactness": 0.6303128922028929
}