{
  "n_clusters_found": 5,
  "n_noise_points": 0,
  "noise_ratio": 0.0,
  "silhouette_score": 0.05352201859639243,
  "davies_bouldin_score": 3.925182724199287,
  "calinski_harabasz_score": 48.395531720775985,
  "avg_intra_distance": 0.6785376938626386,
  "avg_inter_distance": 0.42381619620438704,
  "separation_ratio": 0.6246022881820671,
  "adjusted_rand_score": 0.5235940603640962,
  "normalized_mutual_info": 0.6206112603482865,
  "adjusted_mutual_info": 0.6188929726349961,
  "homogeneity": 0.5988145719338771,
  "completeness": 0.6440546763231559,
  "v_measure": 0.6206112603482867,
  "cluster_compactness": 0.5957566539353711
}