{
  "n_clusters_found": 23,
  "n_noise_points": 0,
  "noise_ratio": 0.0,
  "avg_intra_distance": 0.6476084264228031,
  "avg_inter_distance": 0.4852344041651301,
  "separation_ratio": 0.7492712947628261,
  "silhouette_score": 0.033044532127523264,
  "davies_bouldin_score": 4.217525561647722,
  "calinski_harabasz_score": 292.7532770986295,
  "adjusted_rand_score": 0.31212154560046307,
  "normalized_mutual_info": 0.6501380644652905,
  "adjusted_mutual_info": 0.6488384836459617,
  "homogeneity": 0.7990377674110903,
  "completeness": 0.5480159649599374,
  "v_measure": 0.6501380644652905,
  "cluster_compactness": 0.606940328759513
}