{
  "n_clusters_found": 23,
  "n_noise_points": 0,
  "noise_ratio": 0.0,
  "avg_intra_distance": 0.667180454876793,
  "avg_inter_distance": 0.5299509928996279,
  "separation_ratio": 0.7943143253461958,
  "silhouette_score": 0.026745936308775524,
  "davies_bouldin_score": 4.472707374293644,
  "calinski_harabasz_score": 298.3271204368493,
  "adjusted_rand_score": 0.42835388500770966,
  "normalized_mutual_info": 0.6586364836223106,
  "adjusted_mutual_info": 0.6573149658538262,
  "homogeneity": 0.7778080191277738,
  "completeness": 0.5711308981407293,
  "v_measure": 0.6586364836223108,
  "cluster_compactness": 0.5998150932461006
}