{
  "kmeans": {
    "n_clusters_found": 23,
    "n_noise_points": 0,
    "noise_ratio": 0.0,
    "avg_intra_distance": 0.7027327131663206,
    "avg_inter_distance": 0.5967011102559285,
    "separation_ratio": 0.8491153166434464,
    "silhouette_score": 0.027235592466092525,
    "davies_bouldin_score": 3.9185096674319517,
    "calinski_harabasz_score": 342.59622496175575,
    "adjusted_rand_score": 0.21874608680709295,
    "normalized_mutual_info": 0.44442928844750285,
    "adjusted_mutual_info": 0.4423505322418275,
    "homogeneity": 0.541915510640131,
    "completeness": 0.376669490283432,
    "v_measure": 0.44442928844750285,
    "cluster_compactness": 0.5872912361802504
  },
  "hdbscan": {
    "n_clusters_found": 3,
    "n_noise_points": 973,
    "noise_ratio": 0.03789973902543528,
    "avg_intra_distance": 1.2433671951293945,
    "avg_inter_distance": 6.3097758293151855,
    "separation_ratio": 5.074748516795588,
    "silhouette_score": 0.13120931386947632,
    "davies_bouldin_score": 0.6382863339326682,
    "calinski_harabasz_score": 1047.5792236328125,
    "adjusted_rand_score": 0.01902832857169883,
    "normalized_mutual_info": 0.08910493871050462,
    "adjusted_mutual_info": 0.08837268210188534,
    "homogeneity": 0.04800070011203928,
    "completeness": 0.6201875314066762,
    "v_measure": 0.08910493871050462,
    "cluster_compactness": 0.4457585018498594
  },
  "spectral": {
    "n_clusters_found": 23,
    "n_noise_points": 0,
    "noise_ratio": 0.0,
    "avg_intra_distance": 0.5949752056979498,
    "avg_inter_distance": 0.8444842228838425,
    "separation_ratio": 1.4193603612325327,
    "silhouette_score": 0.007095038526305328,
    "davies_bouldin_score": 2.584588468675038,
    "calinski_harabasz_score": 215.41454662607583,
    "adjusted_rand_score": 0.5088056711946886,
    "normalized_mutual_info": 0.5701686130304364,
    "adjusted_mutual_info": 0.568337826715569,
    "homogeneity": 0.5280662834012929,
    "completeness": 0.6195661592962943,
    "v_measure": 0.5701686130304364,
    "cluster_compactness": 0.6269689938925459
  },
  "birch": {
    "n_clusters_found": 23,
    "n_noise_points": 0,
    "noise_ratio": 0.0,
    "avg_intra_distance": 0.7315779812125482,
    "avg_inter_distance": 0.5037465207002949,
    "separation_ratio": 0.6885752901766728,
    "silhouette_score": 0.007942575112496374,
    "davies_bouldin_score": 4.966266980448845,
    "calinski_harabasz_score": 260.8854700210105,
    "adjusted_rand_score": 0.24406345856245426,
    "normalized_mutual_info": 0.46887197025744015,
    "adjusted_mutual_info": 0.4668827904020363,
    "homogeneity": 0.571838401105488,
    "completeness": 0.397328212690771,
    "v_measure": 0.46887197025744015,
    "cluster_compactness": 0.577507921011876
  },
  "gmm": {
    "n_clusters_found": 23,
    "n_noise_points": 0,
    "noise_ratio": 0.0,
    "avg_intra_distance": 0.7354753017425537,
    "avg_inter_distance": 5.2807817459106445,
    "separation_ratio": 7.180093924838734,
    "silhouette_score": 0.31233662366867065,
    "davies_bouldin_score": 1.1132010079798902,
    "calinski_harabasz_score": 19438.05078125,
    "adjusted_rand_score": 0.30297519024695707,
    "normalized_mutual_info": 0.5630957856902495,
    "adjusted_mutual_info": 0.5614423366536442,
    "homogeneity": 0.6744838881170377,
    "completeness": 0.4832835875113141,
    "v_measure": 0.5630957856902495,
    "cluster_compactness": 0.5762110235714224
  },
  "meanshift": {
    "n_clusters_found": 8,
    "n_noise_points": 0,
    "noise_ratio": 0.0,
    "avg_intra_distance": 1.3397321701049805,
    "avg_inter_distance": 5.788570880889893,
    "separation_ratio": 4.3206926056245285,
    "silhouette_score": 0.32725995779037476,
    "davies_bouldin_score": 1.1144750932452125,
    "calinski_harabasz_score": 16682.275390625,
    "adjusted_rand_score": 0.4457276247891806,
    "normalized_mutual_info": 0.5177301759073285,
    "adjusted_mutual_info": 0.5169786311239942,
    "homogeneity": 0.479004219383328,
    "completeness": 0.5632686409524592,
    "v_measure": 0.5177301759073286,
    "cluster_compactness": 0.4273993462914738
  },
  "optics": {
    "n_clusters_found": 2,
    "n_noise_points": 24898,
    "noise_ratio": 0.9698126436333891,
    "avg_intra_distance": 0.2809799313545227,
    "avg_inter_distance": 8.108839988708496,
    "separation_ratio": 28.859142891871784,
    "silhouette_score": 0.9494135975837708,
    "davies_bouldin_score": 0.06930213060446262,
    "calinski_harabasz_score": 103810.6015625,
    "adjusted_rand_score": 0.9286292750596549,
    "normalized_mutual_info": 0.8745107207639683,
    "adjusted_mutual_info": 0.8733158882713191,
    "homogeneity": 0.780875630784805,
    "completeness": 0.9936609820836578,
    "v_measure": 0.8745107207639682,
    "cluster_compactness": 0.7806523549065977
  }
}