{
  "n_clusters_found": 2,
  "n_noise_points": 24898,
  "noise_ratio": 0.9698126436333891,
  "avg_intra_distance": 0.2809799313545227,
  "avg_inter_distance": 8.108839988708496,
  "separation_ratio": 28.859142891871784,
  "silhouette_score": 0.9494135975837708,
  "davies_bouldin_score": 0.06930213060446262,
  "calinski_harabasz_score": 103810.6015625,
  "adjusted_rand_score": 0.9286292750596549,
  "normalized_mutual_info": 0.8745107207639683,
  "adjusted_mutual_info": 0.8733158882713191,
  "homogeneity": 0.780875630784805,
  "completeness": 0.9936609820836578,
  "v_measure": 0.8745107207639682,
  "cluster_compactness": 0.7806523549065977
}