{
  "n_clusters_found": 23,
  "n_noise_points": 0,
  "noise_ratio": 0.0,
  "avg_intra_distance": 0.5775854587554932,
  "avg_inter_distance": 8.692359924316406,
  "separation_ratio": 15.049478466867198,
  "silhouette_score": 0.43841105699539185,
  "davies_bouldin_score": 0.8347209977642037,
  "calinski_harabasz_score": 71984.1015625,
  "adjusted_rand_score": 0.40525353574297696,
  "normalized_mutual_info": 0.7166435927403961,
  "adjusted_mutual_info": 0.7155659110713273,
  "homogeneity": 0.852353508376826,
  "completeness": 0.6182130273044649,
  "v_measure": 0.7166435927403961,
  "cluster_compactness": 0.6338800820266612
}