tier,BZ_id,BZ_title,TMI_id,TMI_title,title_sim,doc_sim,shared
A,A18,The Sun boat,A723,Boat Of The Sun,1.000,0.831,2
A,B80,Measuring of the world,A1186,Measuring The World,1.000,0.889,2
A,C31b,The wise owl,B122.0.3,Wise Owl,1.000,0.819,2
A,I35C,God the craftsman,A141,God As Craftsman,1.000,0.725,2
A,I75,World ages,A1101,The Four Ages Of The World,1.000,0.703,2
A,I87B,The quest for a strong adversary,H1225,Quest For A Strong Adversary,1.000,0.848,3
A,I141,The magic wand,D1254.1,Magic Wand,1.000,0.831,2
A,J57,Son of the Sun,A225,Son Of The Sun,1.000,0.696,2
A,L15a1,Achilles' heel,Z311,Achilles Heel,1.000,0.793,2
A,L100D,The entrapped suitors,K1218.1,The Entrapped Suitors,1.000,0.512,2
A,L126,The bird indifferent to pain,Z49.3,The Bird Indifferent To Pain,1.000,0.458,3
A,M106d,"My name is ""Son-in-law""",P265,Son-In-Law,1.000,0.751,2
A,M106h,Holding down the hat,K1252,Holding Down The Hat,1.000,0.633,2
A,M116,Wisdom of hidden old man saves kingdom,J151.1,Wisdom Of Hidden Old Man Saves Kingdom,1.000,0.687,5
A,M157D,Pulling up a turnip,Z49.9,Pulling Up The Turnip,1.000,0.730,2
A,M196,The silence wager,J2511,The Silence Wager,1.000,0.641,2
A,A5,The Sun and the Moon are males,R9.1.3,Sun And Moon Imprison Each Other,1.000,0.579,2
A,A6,The Sun and the Moon are females,R9.1.3,Sun And Moon Imprison Each Other,1.000,0.543,2
A,B28E,The Moon organizes the world,A695,Moon As Next World,1.000,0.663,2
A,B56,Fire tongue of the crocodile,A2344.1.1.2,Why Crocodile Has No Tongue,1.000,0.809,2
A,B79,Cosmic egg,A641,Cosmic Egg,1.000,0.658,2
A,B89,Owl as a king of birds,B242.1.8,Owl As King Of Birds,1.000,0.879,3
A,C30A,A pound of flesh,J1161.2,Pound Of Flesh,1.000,0.595,2
A,F3A,The pregnant man,T578,Pregnant Man,1.000,0.836,1
A,F18A,The long penis,F547.3.1,Long Penis,1.000,0.735,2
A,F30,Snake paramour,B613.1,Snake Paramour,1.000,0.554,2
A,F45A,Conception from wind,T524,Conception From Wind,1.000,0.771,2
A,F98,God and a cow,A132.9.1,Cow As God,1.000,0.833,2
A,H1A,The originator of death the first sufferer,K1681,Originator Of Death First Sufferer,1.000,0.689,3
A,I62,Milky Way is a river,A778.3,Milky Way As A River,1.000,0.869,3
A,I80B,The forgotten wind,J755.1,The Forgotten Wind,1.000,0.505,2
A,K19B,Star-husband,A762.1,Star-Husband,1.000,0.807,2
A,K27o1,Head used as ball,S139.2.2.4.1,Head Used As Ball,1.000,0.873,3
A,K35a3,The master becomes the servant,P360,Master And Servant,1.000,0.772,2
A,K38e3,The diamond kingdom,F707.3,Kingdom Where Everything Is Of Diamond,1.000,0.729,2
A,K73a9,The speaking bed,D1610.17,Speaking Bed,1.000,0.687,2
A,K80C,The cranes of Ibycus,N271.3,The Cranes Of Ibycus,1.000,0.545,2
A,K80c2,The treasure finders who murder one another,K1685,The Treasure-Finders Who Murder One Another,1.000,0.669,3
A,K92B,Love like salt,H592.1,"""Love Like Salt",1.000,0.682,3
A,K100,A faithful servant,P361,Faithful Servant,1.000,0.619,2
A,K100B,A grateful dead,E341,The Grateful Dead,1.000,0.592,2
A,K103,Helpful cow,B411,Helpful Cow,1.000,0.740,2
A,K107E,The long pregnancy,T574,Long Pregnancy,1.000,0.741,2
A,K131D,Seven-league boots,D1521.1,Seven-League Boots,1.000,0.847,3
A,K153,"Grateful animals, ungrateful man",W154.8,Grateful Animals; Ungrateful Man,1.000,0.563,2
A,L15D,The external soul,E710,External Soul,1.000,0.590,2
A,L19b2,The nine-headed monster,B15.1.2.3.1,Four-Headed Monster,1.000,0.660,2
A,L19b3,The twelve-headed monster,B15.1.2.3.1,Four-Headed Monster,1.000,0.660,2
A,L93A,Helpful fox,B435.1,Helpful Fox,1.000,0.764,2
A,L93D,Helpful hedgehog,B449.1,Helpful Hedgehog,1.000,0.883,2
A,L100G,The goose with one leg,K402.1,The Goose Without A Leg,1.000,0.594,2
A,M24,Turtle’s war party,F1025.2,Turtle's War-Party,1.000,0.844,3
A,M39e1a,The iron-eating mice,J1531.2,The Iron-Eating Mice,1.000,0.718,3
A,M39e2,The speaking tree,D1610.2,Speaking Tree,1.000,0.510,2
A,M39g1,Jumping into the breeches,J2161.1,Jumping Into The Breeches,1.000,0.724,2
A,M108B,The helpful woodpecker,B461.1,Helpful Woodpecker,1.000,0.722,2
A,M151A,Holding up the rock,K1251,Holding Up The Rock,1.000,0.628,2
A,M159,The lion’s share,J811.1,The Lion's Share,1.000,0.537,2
A,M178,The lying goat,K1151,The Lying Goat,1.000,0.543,2
A,M180,Fox and crane invite each other,J1565.1,Fox And Crane Invite Each Other,1.000,0.741,3
A,M191A,Belling the cat,J671.1,Belling The Cat,1.000,0.906,2
A,M197A,The pot has a child and dies,J1531.3,The Pot Has A Child And Dies,1.000,0.676,3
A,M199n,Counting out pay,K275,Counting Out Pay,1.000,0.634,2
A,N28C,Pillar of the sky,F964.0.1,Pillar Of Fire (In Sky),1.000,0.808,2
A,B85B,Bag of winds,C322.1,Bag Of Winds,1.000,0.714,2
A,C41,Why the sky is blue,A702.4,Why The Sky Is Blue,1.000,0.726,2
A,D1A,Mother-in-law is the Fire,P262,Mother-In-Law,1.000,0.815,2
A,F14A,Birth from a rock,T544.1,Birth From Rock,1.000,0.708,2
A,F65A,Death feigned to meet paramour,K1538,Death Feigned To Meet Paramour,1.000,0.800,4
A,H7,The personified Death,Z111,Death Personified,1.000,0.581,2
A,J51A,Ladder made of bones,F848.3,Ladder Of Bones,1.000,0.917,2
A,K56a4,Dog the messenger,B291.2.2,Dog As Messenger,1.000,0.600,2
A,K77b1,The wolf flees from the wolf-head,K1715.3,The Wolf Flees From The Wolf-Head,1.000,0.720,3
A,L90E,Heads on stakes,Q421.1,Heads On Stakes,1.000,0.708,2
A,L93C,Helpful monkey,B441.1,Helpful Monkey,1.000,0.730,2
A,M39a5a,The sausage rain,J1151.1.3,The Sausage Rain,1.000,0.666,2
A,M75b1a,The predestined wife,T22.2,Predestined Wife,1.000,0.455,2
A,M87,Invisible ghosts,E421.1,Invisible Ghosts,1.000,0.755,2
A,M147B,The fox rids himself of fleas,K921,Fox Rids Himself Of Fleas,1.000,0.647,3
A,M191C,The singing wolf,Z33.4.2,The Singing Wolf,1.000,0.654,2
A,M193A,The fleeing pancake,Z33.1,The Fleeing Pancake,1.000,0.784,2
A,F9A,Vagina dentata,F547.1.1,Vagina Dentata,1.000,0.679,2
A,I60,Milky Way is a seam in the sky,A778.4,Milky Way As A Stitched Seam In The Sky,1.000,0.904,4
A,I138,The glass mountain,F751,Glass Mountain,1.000,0.879,2
A,K65C,The various children of Eve,A1650.1,The Various Children Of Eve,1.000,0.540,3
A,K107a3,The beauty and the beast,D735.1,Beauty And The Beast,1.000,0.513,2
A,M91c5,The wager that sheep are hogs,K451.2,The Wager That Sheep Are Hogs,1.000,0.545,3
A,M106e,For the long winter,K362.1,For The Long Winter,1.000,0.536,2
A,M134C,The wolf overeats in the cellar,K1022.1,Wolf Overeats In The Cellar (Smokehouse),1.000,0.745,3
A,M197C,Sham physician: using the flea powder,K1955.4,Sham Physician: Using The Flea Powder,1.000,0.735,5
A,F96,Ugly man becomes handsome,D52.2,Ugly Man Becomes Handsome,1.000,0.818,2
A,M39a5b,Husband discredited by absurd truth,J1151.1.2,Husband Discredited By Absurd Truth,1.000,0.666,4
A,B49B,Teats of the cow,A2363.1,Why Cow Has So Few Teats,0.751,0.974,2
A,K120a2,Not my mother but my mother-in-law,P262,Mother-In-Law,0.971,0.563,2
A,L9G,A man with a blue beard,F545.1.1,Blue Beard,0.971,0.621,2
A,K85B,Magic three-legged horse,B15.6.3.1.1,Six-Legged Horse,0.969,0.450,2
A,M156,The ungrateful one returned to captivity,J1172.3,Ungrateful Animal Returned To Captivity,0.967,0.573,3
A,N10,The transparent body,F529.5,Person With Transparent Body,0.958,0.650,2
A,K160,Three hairs from the devil’s beard,H1273.2,Quest For Three Hairs From Devil's Beard,0.957,0.646,3
A,J14,A flute-player,L113.10,Flute Player As Hero,0.956,0.739,2
A,K38F,The dragon-slayer,B11.11.7,Woman As Dragon-Slayer,0.956,0.550,2
A,I118,Helpful spider-woman,B489.1,Helpful Spider,0.951,0.729,2
A,F82A,What owl cries about,A2426.2.17,Origin Of Owl's Cries,0.951,0.564,2
A,I13A,The horned serpent,A2145.0.1,Origin Of Horned Serpent,0.950,0.597,2
A,B115A,Knots put in wood,A2755.4,Origin Of Knots In Wood,0.950,0.488,2
A,K27O,Ball game,A1495.1,Origin Of Ball Game,0.946,0.931,2
A,L19b2,The nine-headed monster,Z111.3,Death As Eight-Headed Monster,0.941,0.537,2
A,L19b3,The twelve-headed monster,Z111.3,Death As Eight-Headed Monster,0.941,0.537,2
A,I59b1,Milky Way is the road to a remote city,A778.2,Milky Way As A Road,0.936,0.807,3
A,K66,Extraordinary companions,F601.7,Animals As Extraordinary Companions,0.935,0.385,2
A,H22,Sense of smell,F652,Marvelous Sense Of Smell,0.921,0.689,2
A,C6C,The diver is a bird,A1975,Creation Of Diver (Bird),0.921,0.615,2
A,M126,The speaking skull,N819.3.1,Helpful Speaking Skull,0.921,0.533,2
A,M53C,Red eyes,G213.2,Witch With Red Eyes,0.920,0.454,2
A,M53C,Red eyes,F233.3.1,Fairy Has Red Eyes,0.919,0.418,2
A,D13I,Broken tooth,H57.1,Recognition By Broken Tooth,0.917,0.608,2
A,B19,The night and the married life,T200,Married Life,0.917,0.632,2
A,K67E,The woman as cuckoo in the tree,K1691,The Woman As Cuckoo On The Tree Shot Down,0.914,0.507,2
A,K27u1,One day from conception to birth,T500,Conception And Birth,0.914,0.673,2
A,C34A,Buried in sand,F948.5,City Is Buried Under Sand,0.907,0.599,2
A,M84b1,A journey to the land of the fish,F116,Journey To The Land Of The Immortals,0.907,0.727,2
A,I141,The magic wand,D1402.10,Magic Wand Kills,0.906,0.591,2
A,M38d2,"The bean, the straw and the coal",F1025.1,"Bean, Straw, And Coal Go Journeying",0.903,0.603,3
A,E1C,Person of excrements,D437.4,Transformation: Excrements To Person,0.901,0.700,2
A,B124,Depression on human foot,F551.1,Animal Foot On Human Being,0.900,0.469,2
A,K82,Evil sister-in-law,P264,Sister-In-Law,0.900,0.514,2
A,M190,The beaver and the porcupine,K896.1,Beaver And Porcupine Trick Each Other,0.899,0.719,2
A,K92,King Lear,M21,King Lear Judgment,0.894,0.422,2
A,M90a5,The golden apples,E745.5.1,Souls As Golden Apples,0.893,0.481,2
A,J56,Father tests his sons,H480,Father Tests,0.889,0.435,2
A,I66,Ashes on Milky Way,A778.8,Milky Way Is Smoke (Ashes),0.888,0.864,3
A,M39a2c,The sowing of salt,J1932.3,Sowing Salt To Produce Salt,0.884,0.734,2
A,H7B,The Death is stuck to a tree or a bench,Z111.2.1,Death Stuck To Tree,0.884,0.527,3
A,B27A,Transformation into thunder and lightning,F968,Extraordinary Thunder And Lightning,0.879,0.546,2
A,K123,Old woman’s curse,M411.5,Old Woman's Curse (Satire),0.879,0.570,2
A,F45a1,Accidental conception from wind,T524,Conception From Wind,0.877,0.615,2
A,M57C,Gold producing animal,B103.1.3,Gold-Producing Dog,0.876,0.559,2
A,B125C,Beaver and muskrat exchange tales,A2247.6,Beaver And Muskrat Exchange Tails,0.876,0.830,3
A,J62,People turned into stones,D471.8,Animals Turned Into Stones,0.873,0.615,2
A,A5,The Sun and the Moon are males,A736.11,Contest Between Sun And Moon,0.871,0.502,2
A,A6,The Sun and the Moon are females,A736.11,Contest Between Sun And Moon,0.871,0.471,2
A,M53C,Red eyes,A2332.5.4,Why Toad Has Red Eyes,0.871,0.433,2
A,C32,Ship made of nails,F841.1.7,Ship With Gold Nails,0.871,0.666,2
A,K107E,The long pregnancy,T574.1,Long Pregnancy: Twelve Months,0.870,0.614,2
A,A32E,Person with an object in hands,E767,Affinity Of Person And Object,0.870,0.549,2
A,K85B,Magic three-legged horse,E423.1.3.1,Revenant As Three-Legged Horse,0.868,0.414,2
A,K27f1,To build a bridge,B299.8.1,Tigers Build Bridge,0.867,0.655,2
A,K24B,To dance in her magic clothes,D1050,Magic Clothes,0.867,0.479,2
A,B5C,Primeval mother and daughter,P232,Mother And Daughter,0.866,0.412,2
A,I125,The Hiades are a jaw-bone,D1402.3.4,Magic Jaw Bone Of Ass Kills,0.861,0.669,2
A,M74d,Who ate the lamb’s heart?,K402,The Lamb Without A Heart,0.861,0.400,2
A,I4C,Storm-god as a prisoner,A281,Storm-God,0.859,0.747,2
A,M57C,Gold producing animal,B103.0.6,Gold-Producing Lion,0.857,0.494,2
A,K66A,The land and water ship,D1533.1.1,Magic Land And Water Ship,0.856,0.547,3
A,M202,Thorn removed from lion’s paw,B381,Thorn Removed From Lion's Paw (Androcles And The Lion),0.855,0.667,4
A,C10A,The flood: birds cling to the sky,A2211.7,Birds Cling To Sky In Flood: Cause Of Tail Colors,0.853,0.723,4
A,I64A,Race along Milky Way,A778.9,Milky Way As Race Track,0.853,0.666,3
A,M106g,The cow is taken to the roof to graze,J1904.1,Cow (Hog) Taken To Roof To Graze,0.852,0.738,4
A,M53C,Red eyes,A2332.5.2,Why Cuckoo Has Red Eyes,0.852,0.411,2
A,G16,Ants find cultivated plants,A2684,Origin Of Cultivated Plants,0.851,0.629,2
A,K85C,The four-legged horse is faster than the three-legged one,B15.6.3.1.1,Six-Legged Horse,0.851,0.507,2
A,M57C,Gold producing animal,B103.1.1,Gold-Producing Ass,0.851,0.602,2
A,E5A,Mankind ascends from the underworld,A1232,Mankind Ascends From Under The Earth,0.850,0.391,2
A,B9,Water in the tree trunk,F841.1.11,Boat Made Of A Tree Trunk,0.850,0.643,2
A,I92B,Treasure under the rainbow,N516,Treasure At End Of Rainbow,0.805,0.849,2
A,K183,In what fish is the swallowed one?,H75.3,Recognition By Hair Found In A Fish Which Has Swallowed It,0.848,0.576,2
A,H42,Creator goes away for a while,A81,Creator Goes To Sky,0.844,0.384,2
A,M147A,Foxes will meet at the bazaar,J1424,Where The Foxes Will Meet,0.841,0.532,2
A,L34,The burning hair,D2074.2.2,Summoning By Burning Hair,0.839,0.578,2
A,M57c1,Gold-producing bear,B103.1.3,Gold-Producing Dog,0.837,0.620,2
A,M29G,Trickster-hare or rabbit,A1856,Creation Of Hare (Rabbit),0.835,0.535,2
A,K19G,Two stars of different color and brightness,A659.4,Each World Corresponds To Different Color,0.835,0.411,2
A,A5,The Sun and the Moon are males,A738.2.1,Religious Sun And Moon,0.833,0.479,2
A,A6,The Sun and the Moon are females,A738.2.1,Religious Sun And Moon,0.833,0.449,2
A,B70,Ears of the hare,A2325.2,Why Hare's Ears Are Black,0.833,0.469,2
A,K27f1,To build a bridge,X1294.1,Lie: Flies Build Bridge,0.832,0.565,2
A,K27U,Hide-and-seek,K869.2,Deceptive Hide And Seek Game,0.832,0.593,2
A,A5,The Sun and the Moon are males,A736.1.3,Sun And Moon As Lovers,0.832,0.480,2
A,A6,The Sun and the Moon are females,A736.1.3,Sun And Moon As Lovers,0.832,0.450,2
A,H49B,The faithful dog as security for a debt,B579.6,Faithful Dog Is Offered As Security For A Debt,0.832,0.613,4
A,M87,Invisible ghosts,E402.2,Sounds Made By Invisible Ghosts Of Animals,0.831,0.465,2
A,M99a1,Holes in the birds' beaks,F514.2,Men With Birds' Beaks,0.830,0.734,2
A,E9,The mysterious housekeeper,B537,Animals Adopt Mysterious Housekeeper,0.828,0.601,2
A,B21,Destruction of the world tree,A652,World-Tree,0.827,0.376,2
A,I61,Milky Way is a stream of secretion,A778,Origin Of The Milky Way,0.827,0.682,2
A,C37,World catastrophe and the sloth,A1000,World Catastrophe,0.827,0.569,2
A,B60,Offended children abandon parents,S321,Destitute Parents Abandon Children,0.825,0.416,3
A,A38A,Snare of pubic hair,D991.2,Magic Pubic Hair,0.825,0.655,2
A,A5,The Sun and the Moon are males,A736.6,Sun And Moon As Friends,0.824,0.484,2
A,A6,The Sun and the Moon are females,A736.6,Sun And Moon As Friends,0.824,0.454,2
A,K35a1,The pick up a feather of fire-bird,F668.3,Man Can Transplant Feather From One Bird To Another,0.823,0.504,2
A,H54B,The glance of death,D2061.2.1,Death-Giving Glance,0.822,0.656,2
A,I64A,Race along Milky Way,A778,Origin Of The Milky Way,0.822,0.592,2
A,H49,Pet defends master’s child,B524.1.4,Wolf Defends Master's Child Against Serpent,0.822,0.475,3
A,M127,Lost tail of the fox,A2378.2.4,How Bear Lost Tail,0.821,0.413,2
A,I138,The glass mountain,D454.12,Transformation: Mirror To Glass Mountain,0.821,0.537,2
A,A19C,The sun horse,A732.2,Horse Of The Sun,0.597,0.820,2
A,M57c1,Gold-producing bear,B103.0.6,Gold-Producing Lion,0.819,0.548,2
A,K27q2,To bring musical instrument,D1610.34,Speaking Musical Instrument,0.819,0.636,2
A,I66,Ashes on Milky Way,A778,Origin Of The Milky Way,0.818,0.645,2
A,L15H,The external soul: three or more objects one inside the other,E710,External Soul,0.818,0.352,2
A,C5A,Bird-scouts,A1021.2,Bird Scouts Sent Out From Ark,0.818,0.588,2
A,M13,The short-sighted wish is granted,J2072,Short-Sighted Wish,0.818,0.690,3
A,L80,A drop of blood,F555.6,Man Has Drop Of Blood On End Of Each Hair,0.817,0.492,2
A,H49C,Faithful falcon killed,B331.1,Faithful Falcon Killed Through Misunderstanding,0.816,0.423,3
A,M196,The silence wager,J2511.2,Numskulls Make Silence Wager,0.814,0.557,2
A,L100,Transformation flight,D671.1,Reversed Transformation Flight,0.814,0.378,2
A,L46,Head downward,A2768,Why Leaves Hang Head Downward,0.813,0.586,2
A,M57c1,Gold-producing bear,B103.1.1,Gold-Producing Ass,0.813,0.599,2
A,A24A,The first day or night: transformed into spirits,Z73,A Day And A Night,0.812,0.588,2
A,A24A,The first day or night: transformed into spirits,K2314,One Day And One Night,0.812,0.501,2
A,M39D,Series of clever unjust decisions,J1173,Series Of Clever Unjust Decisions: Plaintiff Voluntarily Withdraws,0.812,0.607,4
A,K10i,A tree that opens its trunk,D1556.2,Tree Opens Its Trunk To Give Shelter To Abandoned Girls,0.812,0.632,3
A,M57C,Gold producing animal,B103.0.3,Gold-Producing Ram,0.811,0.474,2
A,K102a2,Conflict between mother and son,P231,Mother And Son,0.811,0.614,2
A,L50,Cliff ogre,G519.3,Cliff Ogre Thrown As Food To His Children,0.811,0.399,2
A,M127,Lost tail of the fox,A2378.2.6,How Frog Lost Tail,0.809,0.381,2
A,I114,The golden fleece,H1332.1,Quest For Golden Fleece,0.808,0.671,2
A,B14A,Tears turn info the rain,A1131.1,Rain From Tears,0.808,0.752,2
A,M39a6a,Clever daughter-in-law of the imprisoned khan,J1111.3,Clever Daughter-In-Law,0.807,0.560,3
A,B3D,Earth from worm’s excrements,A2182.3,Origin Of Earth-Worm,0.807,0.614,2
A,B71,Aurora borealis,E742.3,Souls Of Dead As Aurora Borealis,0.806,0.737,2
A,B27A,Transformation into thunder and lightning,T528,Impregnation By Thunder (Lightning),0.806,0.496,2
A,L18,Multi-headed bird,B15.1.2.2.1,Three-Headed Bird,0.805,0.574,2
A,M29G,Trickster-hare or rabbit,B291.3.2,Hare (Rabbit) As Messenger,0.805,0.450,2
A,I61,Milky Way is a stream of secretion,A778.6,Milky Way As The Sperma Of The Gods,0.804,0.524,2
A,L15h4,Person’s soul is in a needle,E745.2,Soul As Needle,0.804,0.553,2
A,K27S,Contest: a race,H331.5,Suitor Contest: Race,0.804,0.718,2
A,A5,The Sun and the Moon are males,A735,Pursuit Of Sun By Moon,0.802,0.460,2
A,A6,The Sun and the Moon are females,A735,Pursuit Of Sun By Moon,0.802,0.431,2
A,L19b2,The nine-headed monster,B15.1.2.8.1,Hydra: Nine-Headed Monster,0.802,0.452,2
A,L19b3,The twelve-headed monster,B15.1.2.8.1,Hydra: Nine-Headed Monster,0.802,0.452,2
A,F94,Rival wives in the sky,T257.2,Jealousy Of Rival Wives,0.801,0.620,2
A,B116c,Sacred book lost,M114.1,Oath On Sacred Book,0.800,0.531,2
A,M84b1,A journey to the land of the fish,F122,Journey To Land Of Giants,0.800,0.639,2
A,K85B,Magic three-legged horse,A136.1.2.1,Sleipnir: Eight-Legged Horse Of Odin,0.799,0.435,2
A,M127,Lost tail of the fox,A2378.2.7,How Toad Lost Tail,0.799,0.458,2
A,M90a5,The golden apples,H91.3,Identification By Producing Three Golden Apples,0.799,0.590,2
A,I64A,Race along Milky Way,A778.6,Milky Way As The Sperma Of The Gods,0.799,0.455,2
A,N24,Like another Moon,Z62.2,"""Bridegroom Like The Sun And Bride Like The Moon",0.799,0.516,2
A,M144B,"Tiger was scorched, thence his stripes",A2413.4,Stripes Of Tiger,0.736,0.798,2
A,L15h1,Person’s soul is in the egg,E711.1,Soul In Egg,0.798,0.483,2
A,M84b1,A journey to the land of the fish,F124,Journey To Land Of Demons,0.798,0.639,2
A,I98C,The Pleiades is a flock of birds,X1119.1,Lie: Thick Flock Of Birds,0.797,0.750,2
A,A32d1,Cain and Abel in the Moon,A1597.1,"First Men Without Beards: Cain, Abel",0.797,0.694,2
A,B42P,Ursa major is a bear,A771,Origin Of The Great Bear (Ursa Major),0.794,0.797,3
A,K66,Extraordinary companions,F601.3,Extraordinary Companions Betray Hero,0.796,0.387,2
A,I61A,Milky Way is a belt,A778,Origin Of The Milky Way,0.796,0.776,2
A,I66,Ashes on Milky Way,A778.6,Milky Way As The Sperma Of The Gods,0.795,0.495,2
A,I78,The square earth,A871,Earth Square With Four Quarters,0.793,0.772,2
A,C6j1,The earth is brought by the God's enemy,A811.2,Earth Brought Up By Three Gods,0.792,0.471,3
A,I100,The Pleiades are girls,A773.3,Pleiades Girls Who Died Of Grief,0.792,0.670,2
A,K82,Evil sister-in-law,S55,Cruel Sister-In-Law,0.791,0.471,2
A,K27f1,To build a bridge,B299.8,Animals Build Bridge,0.791,0.596,2
A,F5A,Woman created from a tail,A1224.3,Woman Created From Dog's Tail,0.791,0.404,2
A,K24B,To dance in her magic clothes,D1069,Magic Clothes -- Miscellaneous,0.790,0.440,2
A,K99A,The father will humble himself before the son,M312.2,Prophecy: Parents Will Humble Themselves Before Their Son,0.790,0.440,2
A,B1B,Two female creators,A12.1,Male And Female Creators,0.788,0.549,2
A,E9,The mysterious housekeeper,N831.1.1,Mysterious Housekeeper Is Fairy Mistress,0.787,0.563,2
A,L15D,The external soul,K956,Murder By Destroying External Soul,0.786,0.425,2
A,I141,The magic wand,D1337.1.9,Magic Wand Beautifies,0.786,0.497,2
A,K142,Corpse buried many times,E431.10.1,Corpse Buried Under Stones,0.786,0.494,2
A,F52,Pubic hair for a bird’s crest,D991.2,Magic Pubic Hair,0.785,0.594,2
A,C6D,The aquisition of the earth from the lower world,F93.0.1,Boat To Lower World,0.785,0.459,2
A,I43B,Milky Way is a serpent or fish,A778,Origin Of The Milky Way,0.784,0.670,2
A,M57C,Gold producing animal,F166.2,Gold-Producing Spring In Otherworld,0.784,0.443,2
A,M53C,Red eyes,A1666.1,Why Canaanites Have Red Eyes,0.783,0.446,2
A,C6D,The aquisition of the earth from the lower world,F80.1.1,Castle In Lower World,0.783,0.461,2
A,A11A,Eyes of the Sun and the Moon: coolness and night,R9.1.3,Sun And Moon Imprison Each Other,0.783,0.560,2
A,I63,Milky Way is a path of tapir,A778.2.1,Milky Way As Path Of Souls (Demons),0.783,0.645,3
A,B9,Water in the tree trunk,D2031.7,Horse Made To Appear As Tree-Trunk,0.781,0.519,2
A,I63,Milky Way is a path of tapir,A778.7,Milky Way As Path Of A Bird Of Passage,0.781,0.730,3
A,L73A,"Darkness behind, light ahead",A107,Gods Of Darkness And Light,0.780,0.714,2
A,C8a2,The stone lion,D474.9,Eyes Of Stone Lion Become Bloody,0.780,0.720,2
A,L73a1,Obstacle flight: fog created,D672,Obstacle Flight,0.779,0.489,2
A,M29G,Trickster-hare or rabbit,D117.2,Transformation: Man To Hare (Rabbit),0.779,0.437,2
A,K27O,Ball game,E494,Ball Game In Lower World,0.779,0.776,2
A,B5B,The universal mother and female creator,A15.1,Female Creator,0.779,0.581,2
A,J48,Parrot cuts the sky rope,F51,Sky-Rope,0.778,0.356,2
A,K33a1,Children born in a well,T581.2.3,Children Born In Dungeon,0.778,0.423,2
A,K93,Twin brothers and a woman,A736.3.1,Sun And Moon As Twin Brothers,0.777,0.371,2
A,L17A,Eyes on the back of the head,F512.4,Person With Eyes In Back Of Head,0.777,0.495,2
A,I7C,Rain or dew is urine,A1131.1.1,Rain From Urine,0.776,0.560,2
A,E27,People from drops of blood,D457.1.3,Transformation: Drops Of Blood To Flowers,0.775,0.494,2
A,I20A,The sky giants,A1142.9,Thunder Made By Giants In Sky,0.775,0.600,2
A,F70B,Revenge of a rejected woman,T75.2.1,Rejected Suitors' Revenge,0.775,0.524,2
A,K56,The kind and the unkind girls,Q2,Kind And Unkind,0.775,0.392,2
A,B71,Aurora borealis,A795,Origin Of The Northern Lights (Aurora Borealis),0.775,0.633,2
A,M57c1,Gold-producing bear,B103.0.3,Gold-Producing Ram,0.775,0.525,2
A,B105,She daughter-in-law is transformed,S54,Cruel Daughter-In-Law,0.774,0.437,2
A,C8C,Mother and son produce people,P231,Mother And Son,0.774,0.445,2
A,L76,Ogress devours testicles,G312.7,Ogress Devours Horses,0.774,0.577,2
A,N10,The transparent body,T579.8.1,Transparent Body Of Pregnant Woman,0.774,0.598,2
A,I61A,Milky Way is a belt,A778.6,Milky Way As The Sperma Of The Gods,0.774,0.596,2
A,B2D,Marriage of the sky and the earth,A731,Sun As King Of Sky And Earth,0.774,0.416,2
A,K27q2,To bring musical instrument,D254,Transformation: Man To Musical Instrument,0.773,0.531,2
A,L4,The unmasked murderer (Blue Beard),F545.1.1,Blue Beard,0.772,0.487,2
A,M84b1,A journey to the land of the fish,F115,Journey To The Land Of The Unborn,0.771,0.515,2
A,A14A,The conflict between the Sun and the Moon,R9.1.3,Sun And Moon Imprison Each Other,0.771,0.704,2
A,F18B,Long penis after prohibited sex,F547.3.1,Long Penis,0.770,0.577,2
A,E27,People from drops of blood,D1812.5.1.1.5,Drops Of Blood Presage Slaughter,0.770,0.563,2
A,C6D,The aquisition of the earth from the lower world,F96,Rope To Lower World,0.769,0.382,2
A,I141,The magic wand,H1342.0.1,Quest For Magic Wand,0.769,0.547,2
A,K32H,Punishment: buried alive,S123.0.1,Hostages Buried Alive,0.769,0.618,2
A,K27I,Task: to dry a body of water,D910,Magic Body Of Water,0.769,0.557,2
A,K70,Two sisters-in-law: the girl and the frog,H934.2,Sisters-In-Law Impose Tasks,0.767,0.441,2
A,J53c1,The grizzly-bear and the black bear,A2531.2,Why Grizzly Bear Is Peaceable,0.767,0.543,2
A,I41B,Rainbow drinks water,A2435.4.9.2,Why Owl Drinks No Water,0.767,0.558,2
A,A5,The Sun and the Moon are males,A700.6,Sun And Moon Purchased,0.766,0.437,2
A,A6,The Sun and the Moon are females,A700.6,Sun And Moon Purchased,0.766,0.410,2
A,C37,World catastrophe and the sloth,M357,Prophecy: World Catastrophe,0.766,0.709,2
A,A11C,"The Sun, the Moon and monster’s eyes",R9.1.3,Sun And Moon Imprison Each Other,0.765,0.577,2
A,K18,Infant picks out his unknown father,H482,Infant Picks Out His Unknown Mother,0.765,0.564,3
A,L19b1,The seven-headed monster,B15.1.2.3.1,Four-Headed Monster,0.765,0.430,2
A,L94,Child promised to demon,S214,Child Promised To Mermaid,0.764,0.417,2
A,K107A,Iron shoes to be worn out,Q502.2,Punishment: Wandering Till Iron Shoes Are Worn Out,0.764,0.628,3
A,J57,Son of the Sun,A736.5.1,Son Of Sun So Hot No One Can Hold It,0.763,0.387,2
A,I43B,Milky Way is a serpent or fish,A778.6,Milky Way As The Sperma Of The Gods,0.763,0.515,2
A,K107E,The long pregnancy,T574.2,Long Pregnancy: Seven Years,0.763,0.589,2
A,L15D,The external soul,E155.3,Nightly Resuscitation Of Man With External Soul,0.762,0.414,2
A,K85C,The four-legged horse is faster than the three-legged one,E423.1.3.1,Revenant As Three-Legged Horse,0.762,0.467,2
A,I25,The bribed guards,R211.9,Escape From Prison Because Of Bribed Guards,0.760,0.447,2
A,K157,Robbers killed one by one,P475.2,Robbers Defeated And Killed,0.760,0.428,2
A,K100B,A grateful dead,R163,Rescue By Grateful Dead Man,0.760,0.432,2
A,K32E,"The gold, the silver, the wood",F855.3.2,Dogs Of Gold And Silver,0.759,0.511,2
A,I114,The golden fleece,B101.3,Ram With Golden Fleece,0.759,0.716,2
A,L93B,Helpful rabbit,B437.4,Helpful Rabbit (Hare),0.758,0.662,2
A,I20C,Dwarfs live in the underworld,F451.4.2.4,Dwarfs Live In A Church,0.758,0.562,2
A,M153B,Wolf rides a horse,E723.7.7,Wraith Rides Horse,0.756,0.447,2
A,K65c1,Separating the rich from the poor,T91.5,Rich And Poor In Love,0.755,0.373,2
A,M75C,Treasure on mountain top,F752,Mountain Of Treasure,0.665,0.754,2
A,L15D,The external soul,K975.2,Secret Of External Soul Learned By Deception,0.753,0.454,2
A,F51,The clandestine lover,Q256,Punishment For Clandestine Lover Of Princess,0.752,0.494,2
A,I20C,Dwarfs live in the underworld,F451.4.1.12,Dwarfs Live In Stones,0.752,0.556,2
A,C6G,The diver is a wild boar,G352.2,Wild Boar As Ogre,0.751,0.536,2
A,L15e1,The sword thrown into a lake,D878.2,Magic Sword Thrown Into Lake By Dying Hero,0.751,0.397,3
A,C6D,The aquisition of the earth from the lower world,R47,Captivity In Lower World,0.751,0.436,2
A,L110B,Stomach devours an oak tree,D950.2,Magic Oak Tree,0.751,0.480,2
A,L15D,The external soul,M354,Prophecy That Child Will Have External Soul,0.750,0.448,2
A,B43A,Person created from many objects,F642.3,Person Can See Through Opaque Objects,0.750,0.624,2
A,I20C,Dwarfs live in the underworld,F451.4.1,Dwarfs Live Under The Ground,0.749,0.474,2
A,M57c1,Gold-producing bear,F166.2,Gold-Producing Spring In Otherworld,0.749,0.491,2
A,I4E,Storm-god as rider of the clouds,A281,Storm-God,0.749,0.619,2
A,I11a,The earth was put on the back of a turtle (frog),A815,Earth From Turtle's Back,0.748,0.463,2
A,K107,Lost husband found,G691.4,Lost Husband's Bones Found Among Cannibals,0.748,0.480,2
A,G12A,Plants from drops of blood,D457.1.3,Transformation: Drops Of Blood To Flowers,0.748,0.489,2
A,C6D,The aquisition of the earth from the lower world,F95,Path To Lower World,0.747,0.371,2
A,M72,Hand in animal’s anus,K1036.1,Dupe Told He Can Get Meat By Putting Hand Up Animal's Anus: Animal Drags Him,0.747,0.602,2
A,I93,Milky Way is the backbone,A778,Origin Of The Milky Way,0.747,0.696,2
A,K1i,Tree to descend from a rock,D1413.1,Tree From Which One Cannot Descend,0.745,0.429,2
A,M75C,Treasure on mountain top,N511.3.1,Treasure Of Mountain Spirit,0.743,0.482,2
A,L116A,Doe with golden horns,B15.3.2.3,Ox With Golden Horns,0.743,0.470,2
A,I132B,Bride of the Sun transformed,A718.4,Sun From Transformed Maggots,0.742,0.583,2
A,G12A,Plants from drops of blood,D1812.5.1.1.5,Drops Of Blood Presage Slaughter,0.742,0.556,2
A,K73C,A girl in a bird's nest,A2431.2,Why Bird Has No Nest,0.741,0.478,2
A,M39a9,Soup with parsley and onions,J2462.1,The Dog Parsley In The Soup,0.741,0.426,2
A,H36F,Raven is a failed messenger,B291.1.1,Raven As Messenger,0.741,0.623,2
A,J6,Children of murdered woman grow up with her murderers,S302,Children Murdered,0.740,0.461,2
A,C6D,The aquisition of the earth from the lower world,F80.1.2,Darkness Of Lower World,0.740,0.434,2
A,B87B,A harnessed wolf,X1216.1,The Wolf Harnessed,0.740,0.593,2
A,E5C,People from the sky,F205,Little People From The Sky,0.738,0.466,2
A,I109,Milky Way is the path of the Sun,A778.2.1,Milky Way As Path Of Souls (Demons),0.738,0.630,3
A,D1A,Mother-in-law is the Fire,C171,Mother-In-Law Tabu,0.738,0.493,2
A,A46a,The Sun and Moon are eyes of a deity,A714.7,Sun And Moon As Eyes Of Rama Which He Tore Out After His Brother's Death,0.737,0.428,3
A,B9,Water in the tree trunk,A139.8.1,God As A Tree Trunk,0.737,0.545,2
A,M39a4h,The lost camel of the king,B240.11,Camel As King Of Animals,0.737,0.465,2
A,I109,Milky Way is the path of the Sun,A778.7,Milky Way As Path Of A Bird Of Passage,0.737,0.713,3
A,A38A,Snare of pubic hair,D1311.20,Oracular Pubic Hair,0.736,0.662,2
A,C6G,The diver is a wild boar,X1233.1.2,The Great Wild-Boar,0.736,0.513,2
A,M29J,Trickster is a water bird,D413.2,Transformation: Raven To Water Bird,0.736,0.402,2
A,A40,The Sun or Moon marry toad,R9.1.3,Sun And Moon Imprison Each Other,0.735,0.646,2
A,I98A,The Pleiades are a hen with its chickens,D1620.2.2,Automatic Hen And Chickens Of Gold,0.735,0.565,2
A,I4d1,Storm-god’s stolen tendons,A281,Storm-God,0.734,0.646,2
A,K38f5,Fire-breathing horse,B15.5.1,Horse With Fire-Breathing Nostrils,0.733,0.606,2
A,J32A,To guard father’s grave,D842.2,Magic Object Found On Father's Grave,0.732,0.357,2
A,K172,Deaf bride without hands and feet,A1311,Origin Of Hands And Feet,0.732,0.461,2
A,K80a5,A wild boar and the fratricide,G352.2,Wild Boar As Ogre,0.731,0.492,2
A,I58,Milky Way is the way of birds,A778,Origin Of The Milky Way,0.731,0.625,2
A,I32A,Tree of human life,A1300,Ordering Of Human Life,0.730,0.484,2
A,H9,Strong and weak,J420,Association Of Strong And Weak,0.730,0.460,2
A,K27g1,Cleaning of the stable,H1102,Task: Cleaning Augean Stable,0.729,0.473,2
A,K93b1,Conception from eaten fish,F826.2,Ambergris Made From Bitumen Eaten By Fish,0.728,0.538,2
A,I28A,Animals produce earthquakes,D2148.2,Saint Is Able To Produce Earthquakes At Will,0.728,0.513,2
A,M136D,The air castles,J2060.1,Quarrel And Fight Over Details Of Air-Castles,0.728,0.426,2
A,K27q1,Lion’s milk in the lion’s skin,H1361,Quest For Lion's Milk,0.727,0.500,2
A,K113A,To take wife where arrow falls,E761.7.12,Life Token: Arrow Falls Down,0.727,0.430,2
A,K27z1,"Bird, horse and princess",B41,Bird-Horse,0.727,0.408,2
A,I9,Colors of the cardinal directions,E481.6,Land Of Dead In One Of The Cardinal Directions,0.727,0.657,2
A,M30B,Birds give and take back their feathers,Q597.2,Birds Take Back Their Feathers From Ungrateful Wolf To Whom They Have Lent Them,0.727,0.504,2
A,A27,Crowns of the Sun and Moon,R9.1.3,Sun And Moon Imprison Each Other,0.727,0.543,2
A,I93,Milky Way is the backbone,A778.6,Milky Way As The Sperma Of The Gods,0.726,0.535,2
A,J57,Son of the Sun,A736.10,Human Son Of Sun,0.725,0.389,2
A,L72G,Obstacle flight: the thrown salt,D672,Obstacle Flight,0.725,0.422,2
A,M146,The fox gets bait from trap by luring wolf into it,K1115.1,Animal Gets Bait From Trap By Luring Another Animal Into It,0.725,0.681,3
A,K76c1,Woman gives birth to a gourd,T543.5,Birth From Gourd,0.724,0.688,2
A,L15h2,Person’s soul is in a bird,E707,Person With More Than One Soul,0.723,0.413,2
A,K80c2,The treasure finders who murder one another,N553.3,Treasure Finders Must Not Take All Of Money,0.723,0.373,2
A,K76c1,Woman gives birth to a gourd,T555.2,Queen Gives Birth To A Gourd,0.722,0.653,2
A,C30A,A pound of flesh,K255.4,Camel Has Offered One Pound Of Flesh To Jackal For Help,0.722,0.390,2
A,M183a,Eating contest: one against many,K81,Deceptive Eating Contest,0.722,0.413,2
A,K76A,Frog as a marriage partner,B604.5,Marriage To Frog,0.720,0.615,2
A,L19b1,The seven-headed monster,Z111.3,Death As Eight-Headed Monster,0.719,0.474,2
A,K27R,To visit the world of the dead,Q271.3,Woman On Visit To World Of Dead May Not Return Until She Pays Debt To Dead,0.719,0.447,3
A,M84b1,A journey to the land of the fish,F127.3,Journey To Land Of Crocodiles,0.718,0.573,2
A,I72A,Stars are children of the Sun and the Moon,A764.1,Stars As Children Of The Moon,0.606,0.718,3
A,D1A,Mother-in-law is the Fire,S51,Cruel Mother-In-Law,0.718,0.430,2
A,K120a2,Not my mother but my mother-in-law,C171,Mother-In-Law Tabu,0.717,0.359,2
A,K56ab,"Girl sheds her shirts, snake sheds his skins",A2483.1,Why Snake Sheds Skin,0.716,0.559,3
A,K80a5,A wild boar and the fratricide,X1233.1.2,The Great Wild-Boar,0.716,0.471,2
A,B102,Clouds from smoke,A1133.3,Clouds As Smoke Rising To Sky,0.716,0.465,2
A,I20C,Dwarfs live in the underworld,F451.4.2.1,Dwarfs Live In A Cliff,0.716,0.455,2
A,A14,Eclipses: relations between the Sun and the Moon,A737.11,Partial Eclipses Because Of Ailments Of Sun Or Moon,0.715,0.641,3
A,B48B,Human flesh in the animals,D1008,Magic Human Flesh,0.715,0.444,2
A,I36,"Thunder and lightning are relatives, spouses or in-laws",F968,Extraordinary Thunder And Lightning,0.715,0.575,2
A,K27zz3,A hole behind an apple-tree,D950.10,Magic Apple Tree,0.715,0.357,2
A,A24A,The first day or night: transformed into spirits,H722,Riddle Of The Day And Night,0.715,0.600,2
A,I64,Milky Way is a trace of animals,A778,Origin Of The Milky Way,0.714,0.567,2
A,F2A,The wrong way to be born,F401.9,Spirit With Feet Turned Wrong Way,0.714,0.480,2
A,L72C,Obstacle flight: the thrown mirror,D672,Obstacle Flight,0.714,0.399,2
A,I69,Star dung,A788.4,Shooting Stars Are Star-Dung,0.714,0.467,2
A,K160,Three hairs from the devil’s beard,G303.4.1.3,Devil's Beard,0.714,0.398,2
A,E9N,Sea mammal-wife,D127,Transformation: Man To Sea Mammal,0.713,0.428,2
A,K27g5,The wooden axe,H1116.2,Task: Breaking Iron With Wooden Axe,0.713,0.478,2
A,K103C,Helpful bull fights in the forest of copper,B411.1,Helpful Bull,0.712,0.499,2
A,I58,Milky Way is the way of birds,A778.6,Milky Way As The Sperma Of The Gods,0.711,0.480,2
A,M114,Rope of sand,X1757,Rope Of Sand (Chaff),0.710,0.532,2
A,G28,The fish tree,F811.5.3,Fish-Producing Tree,0.710,0.541,2
A,I106,Ursa major is a person,A771,Origin Of The Great Bear (Ursa Major),0.708,0.592,2
A,J25B,Dead mother fetches food for her baby,E323.1,Dead Mother Returns To See Baby,0.708,0.524,3
A,L72F,Obstacle flight: the thrown entrails,D672,Obstacle Flight,0.708,0.405,2
A,I3A,Lightning is a whip,A1141.4,Lightning As God's Whip,0.708,0.658,2
A,M153B,Wolf rides a horse,G241.3,Witch Rides On Horse,0.708,0.375,2
A,H48,Daughters of evil spirit,A2523.1,Why Hog Has Evil Spirit,0.707,0.601,2
A,L37c1,Luck (good or bad) as a person,J174,Good And Bad In All Books,0.707,0.482,2
A,M5B,The ungrateful passenger,K952.1,Ungrateful River Passenger Kills Carrier From Within,0.706,0.473,2
A,B48B,Human flesh in the animals,G64,Human Flesh Being Cooked Speaks Out,0.704,0.506,2
A,M106d,"My name is ""Son-in-law""",S56,Cruel Son-In-Law,0.704,0.399,2
A,M84b1,A journey to the land of the fish,F117,Journey To The Land Of The Thunders,0.703,0.573,2
A,M57C,Gold producing animal,B103.0.4,Gold-Producing Serpent,0.703,0.379,2
A,M15,Tied to a tree,K1218.7,Importunate Lover Tied To Tree,0.703,0.428,2
A,I102,Milky Way is a tree,A778,Origin Of The Milky Way,0.703,0.666,2
A,M188,The painted jackal,J951.4.1,Painted Jackal Admitted Neither To The Peacocks Nor To The Jackals,0.703,0.476,2
A,K85C,The four-legged horse is faster than the three-legged one,A136.1.2.1,Sleipnir: Eight-Legged Horse Of Odin,0.702,0.491,2
A,I65,Milky Way of the dead,A778,Origin Of The Milky Way,0.701,0.591,2
A,A46,The Sun and Moon emerge from the eyes of a being,R9.1.3,Sun And Moon Imprison Each Other,0.701,0.525,2
A,A22B,Hot fire and cold ashes,F716.3,Fountain Hot Or Cold As Desired,0.701,0.505,2
A,H47,Offended sky or earth,A731,Sun As King Of Sky And Earth,0.700,0.495,2
A,F52,Pubic hair for a bird’s crest,D1311.20,Oracular Pubic Hair,0.700,0.601,2
A,M106d,"My name is ""Son-in-law""",W111.5.6,Lazy Son-In-Law: Afraid Of A Dog,0.700,0.388,2
A,K38b4,Serpent comes out of the water,D1524.12,Magic Handaxe Comes To One Over Water,0.700,0.390,2
A,M7a1,Celestial bodies move above the hero,A702.3.1,Celestial Bodies Attached To A Wheel In Heaven Around Which They Move,0.700,0.544,2
A,E19,Origin of drugs: person torn to pieces,G512.9.2,Ogre Torn To Pieces By Birds,0.699,0.558,2
A,M13,The short-sighted wish is granted,J2072.3,Short-Sighted Wish: All He Pulls On Will Follow,0.699,0.560,3
A,J42,Waters split apart,C984.8,Island Split Apart For Broken Tabu,0.698,0.577,2
A,K99a3,"The happy dream: Sun, Moon and stars",H642.1,"What Is Highest? Sun, Moon, And Stars",0.698,0.422,3
A,K56a4f,The unkind girl becomes ugly,K1984.3,The Girl With The Ugly Name,0.698,0.381,2
A,B69B,Frog’s back scratched: hence its stripes,A2217.2,Chipmunk's Back Scratched: Hence His Stripes,0.698,0.454,2
A,K108,A revived wife betrays her husband,H592.2,Poison In Nectar: Wife Who Betrays Husband To His Enemies,0.697,0.554,3
A,B16C,Salt-grinding mill,D1601.21.1,Self-Grinding Salt-Mill,0.697,0.528,2
A,E9N,Sea mammal-wife,F531.1.8.8,Giant (Giantess) As Sea-Mammal,0.696,0.444,2
A,B33f1,Mistress of night and day,A1172,Determination Of Night And Day,0.696,0.500,2
A,J25a1,Child born in grave saves his mother,T581.5,Child Born During Snowstorm,0.696,0.491,2
A,M153B,Wolf rides a horse,E581.2,Ghost Rides Horse,0.696,0.366,2
A,F51,The clandestine lover,H81,Clandestine Lover Recognized By Tokens,0.696,0.458,2
A,I72A,Stars are children of the Sun and the Moon,A764.1.1,Stars As Children Of Sun Eaten By Their Father,0.696,0.571,3
A,C11,Divine father avenges his son,N810.3,Hero's Divine Father As Helper,0.695,0.473,2
A,B91A,Eyes borrowed and never returned,E781.3,Eyes Borrowed By Animal,0.695,0.571,2
A,H42,Creator goes away for a while,A78,Creator Goes To Make Afterworld,0.695,0.463,2
A,L37c1,Luck (good or bad) as a person,F277.0.3,Good And Bad Fairies Battle,0.695,0.478,2
A,L72i,Obstacle flight: the thrown soap,D672,Obstacle Flight,0.695,0.396,2
A,I64,Milky Way is a trace of animals,A778.6,Milky Way As The Sperma Of The Gods,0.695,0.436,2
A,I141,The magic wand,D1505.7,Magic Wand Restores Sight,0.694,0.462,2
A,M183a,Eating contest: one against many,J2228,Loss Of Eating Contest Because Of Weak Legs,0.694,0.405,2
A,M46D,Child cries for a toy,T646.1,Child Cries Because His Father Is Unknown,0.694,0.443,2
A,M153B,Wolf rides a horse,G303.7.1,Devil Rides Horse,0.694,0.367,2
A,A47,The Sun is born from an egg,B19.3,Horse Born Of Egg,0.694,0.457,2
A,L31A,Children carried away to the sky,R13.0.1,Children Carried Off By Animals,0.693,0.493,2
A,C8a2,The stone lion,M341.2.10,Prophecy: Death From Bite Of Stone Lion,0.693,0.462,2
A,L72D,Obstacle flight: the thrown scissors,D672,Obstacle Flight,0.693,0.392,2
A,I72A,Stars are children of the Sun and the Moon,A764.3,Most Brilliant Stars Children Of The Sun; Others Are Children Of The Moon,0.685,0.693,4
A,L15D,The external soul,E710.2,External Soul Avenges Murder,0.692,0.411,2
A,L116A,Doe with golden horns,B101.4,Hind With Golden Horns,0.691,0.490,2
A,L15h1,Person’s soul is in the egg,E707,Person With More Than One Soul,0.690,0.437,2
A,A24A,The first day or night: transformed into spirits,D621.0.1,One Shape By Day; Another By Night,0.690,0.511,2
A,I20c2,Dwarfs live at the horizon,F451.4.2.4,Dwarfs Live In A Church,0.690,0.558,2
A,B116b,Sacred book gets wet,M114.1,Oath On Sacred Book,0.690,0.512,2
A,J32D,Princess in a tower (The glass mountain),F751,Glass Mountain,0.689,0.391,2
A,K32E,"The gold, the silver, the wood",F841.2.1,Gold (Silver) Mast,0.689,0.457,2
A,I62,Milky Way is a river,A778,Origin Of The Milky Way,0.689,0.533,2
A,F65A,Death feigned to meet paramour,K1862,Death Feigned To Meet Lover,0.689,0.513,3
A,A8B,The Sun in the land of the dead,E481,Land Of The Dead,0.689,0.405,2
A,M29G,Trickster-hare or rabbit,D411.3,Transformation: Hare (Rabbit) To Another Animal,0.689,0.411,2
A,M29G,Trickster-hare or rabbit,D315.5,Transformation: Hare (Rabbit) To Person,0.688,0.416,2
A,K99a3,"The happy dream: Sun, Moon and stars",A700.7,"Sun, Moon, And Stars Nourished On Fire",0.688,0.476,3
A,K33A,Younger brother transformed into animal,K2211.0.2,Treacherous Younger Brother(S),0.688,0.424,2
A,F27,Girls and the water spirits,F420.1.4.3,Water-Spirits As Dwarfs,0.688,0.397,2
A,E9,The mysterious housekeeper,N832.1,Boy As Mysterious Housekeeper For Buffalo Herd,0.688,0.497,2
A,E9M,Bear-wife,R13.1.6,Girl Abducted By Bear And Made His Wife,0.688,0.352,2
A,B58,Wild turkey’s red neck,A2332.5.5,Why Turkey Has Red Eyes,0.688,0.544,2
A,I87c1,A mouse makes a boat,B295.1,Mouse Makes Boat Of Bread-Crust,0.687,0.532,3
A,K120a5,Luring a woman to a ship,K1339.2.1,Seduction By Luring Woman To Platform To Look For Distant Ship,0.687,0.498,2
A,L102A,Escape from the sea-gull husband,E423.3.9,Revenant As Sea-Gull,0.687,0.582,2
A,F82,Incest with mother-in-law,P262,Mother-In-Law,0.687,0.392,2
A,K35a3,The master becomes the servant,K527.3,Exchange Of Clothes Between Master And His Servant,0.687,0.448,2
A,K32E,"The gold, the silver, the wood",F786.1,Chairs Of Gold And Silver,0.687,0.417,2
A,I59,Milky Way is spilled straw,A778,Origin Of The Milky Way,0.686,0.580,2
A,K66D,The bear’s (adopted) son,A189.11,Mortal Adopted Son By God,0.685,0.493,2
A,I61,Milky Way is a stream of secretion,A778.8,Milky Way Is Smoke (Ashes),0.685,0.500,2
A,I8E,Four men at the cardinal points,Z140.2.1,Color Symbolism Of The Cardinal Points,0.685,0.514,2
A,L42J,Tree bends down (mice in the ogre’s bag),D1648.1.1,Tree Bends Only To Heroine,0.685,0.444,2
A,I20c2,Dwarfs live at the horizon,F451.4.1.12,Dwarfs Live In Stones,0.685,0.552,2
A,H50,Sky god and mistress of the dead,A210,Sky-God,0.684,0.394,2
A,M152B,Brave donkey and cowardly lion,A2524.5,Why Lion Is Brave,0.684,0.573,2
A,K32b1,Mother substitutes her daughter,K1317.5,Woman Substitutes For Her Daughter In The Dark,0.684,0.373,2
A,M114G,"The camel is high, the goat has a long beard",F531.1.6.4,Giant With Long Beard,0.684,0.445,2
A,M29G,Trickster-hare or rabbit,B211.2.6,Speaking Hare (Rabbit),0.683,0.431,2
A,I102,Milky Way is a tree,A778.6,Milky Way As The Sperma Of The Gods,0.683,0.512,2
A,N28E,Bridge across the sea,F842.2.3.1,Bridge Of Boats Across Sea,0.683,0.488,3
A,J62,People turned into stones,D471.8.1,Stolen Chickens Turned To Stones In Cooking,0.683,0.424,2
A,M53C,Red eyes,A2332.5.5,Why Turkey Has Red Eyes,0.683,0.391,2
A,K27I,Task: to dry a body of water,C615,Forbidden Body Of Water,0.683,0.561,2
A,I20c2,Dwarfs live at the horizon,F451.4.1,Dwarfs Live Under The Ground,0.683,0.470,2
A,K75C,Seven years without washing,D1672.0.1,Magic Fire Burns For Seven Years,0.682,0.352,2
A,L1c1,An escape to the sky,A1142.3,Persons Escape To Sky And Become Thunder,0.682,0.446,2
A,I61,Milky Way is a stream of secretion,A778.1.1,Milky Way Is The Wild Hunt,0.682,0.555,2
A,A11A,Eyes of the Sun and the Moon: coolness and night,A736.11,Contest Between Sun And Moon,0.682,0.486,2
A,F53,Ugly husband,J1541.3,Woman Repulses Ugly Husband's Advances,0.682,0.450,2
A,I65,Milky Way of the dead,A778.6,Milky Way As The Sperma Of The Gods,0.682,0.454,2
A,G10,The hanging tree,J162,Wisdom Acquired By Hanging In A Tree,0.681,0.500,2
A,L15h4,Person’s soul is in a needle,E707,Person With More Than One Soul,0.681,0.415,2
A,M164,All tracks going into the den and none coming out,J644.1,Fox Sees All Tracks Going Into Lion's Den But None Coming Out,0.681,0.459,4
A,I64A,Race along Milky Way,A778.8,Milky Way Is Smoke (Ashes),0.681,0.433,2
A,M106d,"My name is ""Son-in-law""",M343.1,Prophecy: Murder By Son-In-Law,0.680,0.365,2
A,I127,Ursa major is a bed,A771,Origin Of The Great Bear (Ursa Major),0.680,0.568,2
A,K66D,The bear’s (adopted) son,S22.1.1,Adopted Son Plots Death Of Parents,0.680,0.466,2
A,M91B,The sold ashes,K121,Lime (Ashes) Sold As Gold,0.680,0.522,2
A,M11,The unclean food,V229.2.2,Saintly Babe Disgorges Unclean Food,0.680,0.455,2
A,K73a9,The speaking bed,N454.1,Speaking Bed-Legs Overheard,0.680,0.399,2
A,K38E,"Of copper, of silver, of gold",N533.5,"Men Find Mines Of Copper, Silver, Gold And Iron Where Balls Fall",0.679,0.498,3
A,B99,Person turned into the nest of insects,C927.1,Person Turned To Dust,0.679,0.479,2
A,I124,Ursa major is a boat,A771,Origin Of The Great Bear (Ursa Major),0.679,0.598,2
A,M74aa,Theft of food by playing godfather,K372,Playing Godfather,0.679,0.398,2
A,B89,Owl as a king of birds,B242,King Of Birds,0.678,0.450,2
A,L15G,A burned piece of wood (Meleagros),D2006.1.8,Piece Of Wood Revives Memory,0.678,0.474,2
A,I64A,Race along Milky Way,A778.1.1,Milky Way Is The Wild Hunt,0.678,0.482,2
A,M114,Rope of sand,H1021.1,Task: Making A Rope Of Sand,0.677,0.499,2
A,B1B,Two female creators,A112.2,Male And Female Creators Beget Gods,0.677,0.516,2
A,K73a7,The wonderful children: sister and her two brothers,P253.0.2,One Sister And Two Brothers,0.677,0.413,2
A,K73a7,The wonderful children: sister and her two brothers,P253.0.4,One Sister And Ten Brothers,0.677,0.413,2
A,K73a7,The wonderful children: sister and her two brothers,P253.0.3,One Sister And Three (Four) Brothers,0.677,0.413,2
A,H6c2,Water of life in the land of darkness,F706,Land Of Darkness,0.677,0.559,2
A,M13,The short-sighted wish is granted,J2072.1,Short-Sighted Wish: Midas's Touch,0.676,0.503,3
A,M114K,Water which is not from the earth and not from the sky,T126.3,Marriage Of Earth And Sky,0.676,0.374,2
A,M114K,Water which is not from the earth and not from the sky,A702.5,Marriage Of Earth And Sky,0.676,0.374,2
A,L37c1,Luck (good or bad) as a person,A2793.3,"Why Some Yams Are Good, Some Bad",0.676,0.466,2
A,M108A,Trickster as an adopted child,A969.6,Hill Brought To Country As Adopted Child,0.676,0.492,2
A,H43,"One creates the body, another the soul",E727.1,Debate Of Body And Soul,0.676,0.467,2
A,K56a9,Helpful mouse rings a bell,B437.2,Helpful Mouse,0.675,0.437,2
A,I132,Climbing a deer antlers up to the sky,A2326.1.1.1,Why Deer Has Antlers: As Reward For Not Cheating,0.675,0.504,2
A,I66,Ashes on Milky Way,A778.1.1,Milky Way Is The Wild Hunt,0.675,0.525,2
A,E1b1,Forbidden work for daughter-in-law,S54,Cruel Daughter-In-Law,0.675,0.424,2
A,B101,Slashes on birch bark,K1821.9.1,Disguise In Bark Of Birch,0.674,0.413,2
A,I61,Milky Way is a stream of secretion,A778.5,Milky Way As Milk From Breast Of A Woman,0.674,0.515,2
A,F27,Girls and the water spirits,F420.4,Characteristics Of Water-Spirits,0.673,0.390,2
A,I60A,Milky Way is a stripe on belly,A778,Origin Of The Milky Way,0.673,0.620,2
A,B46D,Extraordinary companions turn into stars,F601,Extraordinary Companions,0.673,0.395,2
A,K75C,Seven years without washing,Z71.5.5,Exile For Seven Years,0.673,0.395,2
A,A47,The Sun is born from an egg,A27,Creator Born From Egg,0.672,0.621,2
A,M153B,Wolf rides a horse,F471.1.1.1,Alp Rides Horse Sweaty At Night,0.672,0.399,2
A,K82,Evil sister-in-law,K2212.2,Treacherous Sister-In-Law,0.672,0.404,2
A,C6D,The aquisition of the earth from the lower world,F94,Stair To Lower World,0.672,0.386,2
A,A14A,The conflict between the Sun and the Moon,A736.11,Contest Between Sun And Moon,0.672,0.611,2
A,M57c1,Gold-producing bear,B103.0.4,Gold-Producing Serpent,0.672,0.420,2
A,A14,Eclipses: relations between the Sun and the Moon,R9.1.3,Sun And Moon Imprison Each Other,0.672,0.600,2
A,M38d3,Clod of earth melts away,F1041.4,Person Melts Away From Heat,0.672,0.532,2
A,K32L,Horses handed out among people to feed them,F515.5,Tribe Of Left-Handed People,0.671,0.410,2
A,K89C,Helpful brother married to bear,B435.4,Helpful Bear,0.671,0.546,2
A,F27,Girls and the water spirits,F420.1.1.5,Water-Spirits Have One Eye,0.671,0.391,2
A,I116,Milky Way is the border between the seasons,A778,Origin Of The Milky Way,0.671,0.552,2
A,K119d,Puss in boots,B582.1.1,Animal Wins Wife For His Master (Puss In Boots),0.670,0.433,2
A,L17A,Eyes on the back of the head,J1511.9,Master Says That He Has Eyes In Back Of Head: Servant Cheats Him,0.670,0.381,2
A,I62,Milky Way is a river,A778.6,Milky Way As The Sperma Of The Gods,0.670,0.409,2
A,B101,Slashes on birch bark,A2751.4.1,Why Birch Has White Bark,0.670,0.371,2
A,F27,Girls and the water spirits,F420.4.4,Water-Spirits Are Grateful,0.670,0.390,2
A,B105,She daughter-in-law is transformed,C173,Daughter-In-Law Tabu,0.670,0.427,2
A,I138,The glass mountain,D753.4,Disenchantment By Climbing Glass Mountain,0.669,0.486,2
A,B116d,The “book” as a part of the stomach,A2219.2,Cow Swallows Book; Cause Of Maniplies In Stomach,0.669,0.613,2
A,B46B,Seven star sisters,A433.2,The Seven Grain Sisters,0.669,0.601,2
A,B20,Expedition to the upper world,F10.1,Return From Upper World,0.669,0.381,2
A,B73,The cuchoo: different legs,A1614.7,Indians And Whites From Different Legs Of First Man,0.668,0.456,2
A,I98C,The Pleiades is a flock of birds,B878.1,Giant Flock Of Birds,0.667,0.564,2
A,M90a5,The golden apples,H1151.1,Task: Stealing Golden Apples,0.667,0.453,2
A,B1D,Good and bad workers,J174,Good And Bad In All Books,0.667,0.427,2
A,A13A,Raven hides the Sun,A179.8,God Hides From Sun In Shadow Of A Cloud,0.667,0.425,2
A,A32E,Person with an object in hands,T117,Marriage Of Person And Object,0.667,0.409,2
A,A11C,"The Sun, the Moon and monster’s eyes",A736.11,Contest Between Sun And Moon,0.667,0.501,2
A,I59,Milky Way is spilled straw,A778.6,Milky Way As The Sperma Of The Gods,0.667,0.446,2
A,L27,Girl eaten up,E613.0.6,Reincarnation Of Girl Eaten By Tiger As Bird,0.666,0.391,2
A,I20c1,Dwarfes live in hills and rocks,F451.4.1.11,Dwarfs Live In Hills And Mountains,0.666,0.578,2
A,B48D,Pike swallows people,F917,Monster Swallows People Through Anus,0.665,0.410,2
A,K38f5,Fire-breathing horse,B742.3,Fire-Breathing Horses,0.665,0.431,2
A,I68A,Night of the magic water,D1242.1,Magic Water,0.664,0.494,2
A,M106d,"My name is ""Son-in-law""",C714.1,Only One Present To Be Asked For At Home Of Spirit Son-In-Law,0.664,0.374,2
A,M199c1,Throwing contest,K18,Throwing Contest Won By Deception,0.664,0.359,2
A,H55A,Married couple under one blanket,T215,Faithfulness Of Married Couple In Misfortune,0.664,0.489,2
A,M29z1,The Bald-headed,J1442.9,The Cynic And The Bald-Headed Man,0.663,0.401,2
A,M15,Tied to a tree,J1865.1,Sickle Punished By Being Tied In Top Of A Tree,0.663,0.392,2
A,I138,The glass mountain,G232,Witch Dwells On Glass Mountain,0.663,0.476,2
A,H43,"One creates the body, another the soul",E727,Relation Of Body To Soul,0.662,0.575,2
A,M13,The short-sighted wish is granted,J2072.2,Short-Sighted Wish: Grain To Grow Without Beards,0.662,0.544,3
A,K27Q,Milk of the wild beast,E522,Ghost Of Wild Beast,0.662,0.426,2
A,M13,The short-sighted wish is granted,D1761.0.2.2,One Wish Granted,0.662,0.476,2
A,K75C,Seven years without washing,Z72.3,Seven (Three) Years Between Feasts,0.662,0.390,2
A,I122,The Pleiades are bees,A773.6,Pleiades As Swarm Of Bees,0.625,0.662,2
A,K32F,Bird-son rescues his adopted mother,R154.1,Son Rescues Mother,0.661,0.381,3
A,K20,Wish for star-husband or wife realized,C15,Wish For Supernatural Husband (Wife) Realized,0.661,0.569,4
A,G12B,Star-person gives plants,D439.5.2,Transformation: Star To Person,0.661,0.611,2
A,M106d,"My name is ""Son-in-law""",T417,Son-In-Law Seduces Mother-In-Law,0.661,0.513,2
A,M106d,"My name is ""Son-in-law""",T417.1,Mother-In-Law Seduces Son-In-Law,0.661,0.376,2
A,I100A,The Pleiades are mother with children,A1575,Origin Of Relation Of Mother And Children,0.661,0.507,2
A,M53C,Red eyes,A2218.8,Eel Burned By Torch: Hence Red Eyes,0.661,0.381,2
A,I140,The staff of Moses,H823,What Is The Tree That Became Flesh? (Moses's Staff,0.660,0.610,2
A,C8a2,The stone lion,D435.1.5,Transformation: Stone Lion To Man,0.660,0.577,2
A,I61A,Milky Way is a belt,A778.8,Milky Way Is Smoke (Ashes),0.659,0.568,2
A,M152C,The donkey and the lion crossing a river,H1542.1,Contest In Crossing River Of Fire,0.659,0.487,2
A,A19D,"One carries the Sun, another the Moon",R9.1.3,Sun And Moon Imprison Each Other,0.657,0.589,2
A,I4,Thunder rides in the sky,A1142.9,Thunder Made By Giants In Sky,0.657,0.562,2
A,K56b1,The old man with the live coals,F541.1.3,Eyes Of Live Coals,0.657,0.408,2
A,J14,A flute-player,J953.3,Flute-Player Thinks Song Meant For The Prince Is Sung To Him,0.657,0.438,2
A,B39,Narrow waist of an insect,A2214.2,Ant Thrown From Heaven: Hence Narrow Waist,0.657,0.356,2
A,M144A,Burning thatch on the back of a tiger,G272.17,Burning Thatch From Home Of Witch Protects Against Witch,0.657,0.427,2
A,I61A,Milky Way is a belt,A778.1.1,Milky Way Is The Wild Hunt,0.656,0.632,2
A,E27,People from drops of blood,D1812.5.1.1.2,Two Drops Of Blood In Book Mean That Two Have Been Killed,0.656,0.481,2
A,B1D,Good and bad workers,F277.0.3,Good And Bad Fairies Battle,0.656,0.448,2
A,K38f7,Wild animals are hero’s dogs,B575.1,Wild Animals Kept As Dogs,0.656,0.490,2
A,I3,Weapon of Thunder,A1142.5.1,Thunder Caused By God Beating His Weapon,0.656,0.529,2
A,D1A,Mother-in-law is the Fire,T417.1,Mother-In-Law Seduces Son-In-Law,0.655,0.543,2
A,D1A,Mother-in-law is the Fire,T417,Son-In-Law Seduces Mother-In-Law,0.655,0.391,2
A,F53A,Bat or owl hides his face,A2493.2,Friendship Of Bat And Owl,0.655,0.539,2
A,D12A,"At the sunrise, heat of the sun is enough for cooking",A739.4,Reason For Variations In Seasonal Heat Of Sun,0.655,0.518,2
A,K56a4c,To wash something black making it white,J1909.6,Numskull Tries To Wash Black Hen White,0.655,0.419,3
A,I36,"Thunder and lightning are relatives, spouses or in-laws",T528,Impregnation By Thunder (Lightning),0.655,0.523,2
A,N33,Pressing adversary into the ground,F942.2,Ground Cut From Under Adversary,0.625,0.655,2
A,A22C,Person sacrificed to the Sun,S255,Deity Saves Person About To Be Sacrificed,0.655,0.429,2
A,I60A,Milky Way is a stripe on belly,A778.6,Milky Way As The Sperma Of The Gods,0.655,0.477,2
A,B42G,Ursa major is attacked or persued,A771,Origin Of The Great Bear (Ursa Major),0.654,0.465,2
A,A20,Childhood and youth of the Sun and Moon,R9.1.3,Sun And Moon Imprison Each Other,0.653,0.464,2
A,K107A,Iron shoes to be worn out,H1583.1,Time Measured By Worn Iron Shoes,0.619,0.653,3
A,K107A,Iron shoes to be worn out,H1125,Task: Traveling Till Iron Shoes Are Worn Out,0.653,0.535,3
A,K108,A revived wife betrays her husband,K2213.7,Faithless Wife Betrays Husband To Her Father,0.653,0.490,3
A,I141,The magic wand,D1409.1.1,Magic Wand Brings Evil Upon Person,0.653,0.453,2
A,I20C,Dwarfs live in the underworld,F451.4.2.2,Dwarfs Live In Ravines,0.653,0.474,2
A,I116,Milky Way is the border between the seasons,A778.6,Milky Way As The Sperma Of The Gods,0.652,0.424,2
A,A11A,Eyes of the Sun and the Moon: coolness and night,A738.2.1,Religious Sun And Moon,0.652,0.463,2
A,I20c2,Dwarfs live at the horizon,F451.4.2.1,Dwarfs Live In A Cliff,0.652,0.451,2
A,D13i1,"Showing his teeth, person betrays himself",K815.9,Tiger Flatters Cow Into Showing That She Has Few Teeth,0.652,0.518,2
A,A11A,Eyes of the Sun and the Moon: coolness and night,A736.1.3,Sun And Moon As Lovers,0.651,0.464,2
A,C8a2,The stone lion,D1469.13,Treasure Falls From Stone Lion's Mouth,0.651,0.553,2
A,H48,Daughters of evil spirit,F402.1.11.3,Evil Spirit Harpoons Sleepers,0.651,0.450,2
A,K120A,The averted incest (sister and brother),P253,Sister And Brother,0.651,0.384,2
A,K14A,Thrown into the oven himself,H165,Father Recognizes Son After Having Thrown Him In Oven,0.651,0.461,2
A,M84b1,A journey to the land of the fish,F129.5,Journey To Land Of No Return,0.650,0.520,2
A,F27,Girls and the water spirits,F420.4.5,Water-Spirits Are Jealous,0.650,0.379,2
A,I61,Milky Way is a stream of secretion,A778.3,Milky Way As A River,0.650,0.474,2
A,I134,Long neck on the Milky Way,A778,Origin Of The Milky Way,0.650,0.546,2
A,I43B,Milky Way is a serpent or fish,A778.8,Milky Way Is Smoke (Ashes),0.650,0.491,2
A,K14A,Thrown into the oven himself,V363,Jewish Child Thrown Into Oven By Father For Taking Eucharist,0.649,0.364,2
A,L73a1,Obstacle flight: fog created,D673,Reversed Obstacle Flight,0.649,0.491,2
A,M199c1,Throwing contest,K18.1,Throwing Contest: Trickster Shouts,0.649,0.368,2
A,B105,She daughter-in-law is transformed,J1111.3,Clever Daughter-In-Law,0.649,0.416,2
A,K32B,Mother-in-law substitutes her daughter,P262,Mother-In-Law,0.649,0.448,2
A,K27q2,To bring musical instrument,F531.6.17.4,Giant Plays Musical Instrument,0.649,0.504,2
A,L108G,To wash a black one,J1909.6,Numskull Tries To Wash Black Hen White,0.648,0.396,2
A,B42Q,Ursa major is a carriage,A771,Origin Of The Great Bear (Ursa Major),0.648,0.534,2
A,C6D,The aquisition of the earth from the lower world,F98.1,Trip To Lower World On Tiger,0.648,0.383,2
A,I61,Milky Way is a stream of secretion,A778.10,Abyss At End Of Milky Way,0.648,0.539,2
A,I43B,Milky Way is a serpent or fish,A778.1.1,Milky Way Is The Wild Hunt,0.647,0.545,2
A,K33a1,Children born in a well,M369.8,Prophecies About Children Born At The Same Time,0.646,0.362,2
A,L63,Person eats with vagina or anus,G51.1,Person Eats Self Up,0.646,0.393,2
A,I64A,Race along Milky Way,A778.3,Milky Way As A River,0.646,0.411,2
A,M144,The wasp nest as king’s drum,A2432.2,Why Wasp Has Nest,0.645,0.553,2
A,K93A,Sword of chastity,H435.1,Sword As Chastity Index: Will Not Spot While Woman Is Faithful,0.645,0.431,2
A,A11A,Eyes of the Sun and the Moon: coolness and night,A736.6,Sun And Moon As Friends,0.645,0.468,2
A,L19b2,The nine-headed monster,D1846.2,Invulnerability Bestowed By Many-Headed Monster,0.645,0.362,2
A,L19b3,The twelve-headed monster,D1846.2,Invulnerability Bestowed By Many-Headed Monster,0.645,0.362,2
A,B33f1,Mistress of night and day,A1170,Origin Of Night And Day,0.645,0.466,2
A,E9N,Sea mammal-wife,D327,Transformation: Sea-Mammal To Person,0.645,0.397,2
A,M60b1,The crow eats up the fish,A2435.4.7.1,Why Crow Eats Excrement,0.644,0.589,2
A,A3,Male sun and female moon,A227.1,Male Sun-God While Ascending; Female While Setting,0.644,0.434,3
A,B9,Water in the tree trunk,D1556,Self-Opening Tree-Trunk,0.644,0.475,2
A,I87D,Men in the time of giants,A1301,Men At First As Large As Giants,0.644,0.383,2
A,L81B,Hero’s legs are cut off,Q451.2.4,Legs Cut Off As Punishment For Adultery,0.644,0.415,2
A,B105,She daughter-in-law is transformed,K2214.2,Treacherous Daughter-In-Law,0.643,0.369,2
A,I64A,Race along Milky Way,A778.10,Abyss At End Of Milky Way,0.643,0.468,2
A,F27,Girls and the water spirits,F420.5.1.8,Water-Spirits Give Advice,0.643,0.388,2
A,I66,Ashes on Milky Way,A778.3,Milky Way As A River,0.643,0.448,2
A,B115A,Knots put in wood,A2738,Christ Puts Knots In Wood,0.643,0.510,2
A,B102,Clouds from smoke,J2277.1,Clouds Supposed To Come From Smoke,0.531,0.642,2
A,A14A,The conflict between the Sun and the Moon,A738.2.1,Religious Sun And Moon,0.642,0.582,2
A,K27M,To get an animal of unusual color,F527,Person Of Unusual Color,0.642,0.495,2
A,M71,Picked up piece of wood,D2006.1.8,Piece Of Wood Revives Memory,0.642,0.444,2
A,K142,Corpse buried many times,V61.4.1,Corpse Buried Face Down,0.642,0.400,2
A,A14A,The conflict between the Sun and the Moon,A736.1.3,Sun And Moon As Lovers,0.642,0.584,2
A,J48,Parrot cuts the sky rope,F51.1.2,Vine As Sky-Rope,0.642,0.463,2
A,B56,Fire tongue of the crocodile,A2344.1.1,Why Crocodile Has Short Tongue,0.642,0.501,2
A,E28,Moon's blood drops to earth,A764.2,Stars As Drops Of The Moon's Blood,0.641,0.546,3
A,K27G,Ordeal: to bathe in a boiling liquid,E761.6.3,Life Token: Boiling Liquid,0.641,0.421,2
A,A40,The Sun or Moon marry toad,A736.11,Contest Between Sun And Moon,0.641,0.561,2
A,B10,Drunk out water,J1183.1,Prisoner Has Drunk Water Furnished By The King And Thus Becomes King's Guest,0.641,0.363,2
A,I32A,Tree of human life,A787,Relation Of The Planets To Human Life,0.641,0.416,2
A,I66,Ashes on Milky Way,A778.10,Abyss At End Of Milky Way,0.640,0.510,2
A,M114H,To build a house in the air,F346.2,Fairies Build House For Mortal,0.640,0.400,2
A,L94,Child promised to demon,S213,Child Promised To Wood-Spirit,0.640,0.353,2
A,B42o1,Ursa major is a fisher,A771,Origin Of The Great Bear (Ursa Major),0.640,0.533,2
A,M37,Blow of axe,F614.8,Strong Man Fells Tree With One Blow Of Axe,0.639,0.382,2
A,K82,Evil sister-in-law,C435.2.1,Tabu: Uttering Name Of Sister-In-Law,0.639,0.385,2
A,H14,Woman flies back to the land of the dead,E481,Land Of The Dead,0.639,0.376,2
A,B20,Expedition to the upper world,F60,Transportation To Or From Upper World,0.639,0.382,2
A,I61,Milky Way is a stream of secretion,A778.2,Milky Way As A Road,0.638,0.518,2
A,B1D,Good and bad workers,A2793.3,"Why Some Yams Are Good, Some Bad",0.638,0.437,2
A,A11C,"The Sun, the Moon and monster’s eyes",A738.2.1,Religious Sun And Moon,0.638,0.477,2
A,K85D,A horse with a skin resistant to bites,D1520.5.4,Magic Transportation By Horse Skin,0.637,0.390,2
A,I59b3,Milky Way is the way of salt traders,A778,Origin Of The Milky Way,0.637,0.592,2
A,A11C,"The Sun, the Moon and monster’s eyes",A736.1.3,Sun And Moon As Lovers,0.637,0.479,2
A,K172,Deaf bride without hands and feet,N2.3.2.1,Hands And Feet Wagered,0.637,0.470,2
A,L31B,Reptile carries people into the water,F414,Spirit Carries People,0.637,0.427,2
A,K18D,A lazy boy and a fish,W111.2.8,Lazy Boy Says He Cannot Walk,0.637,0.365,2
A,B56,Fire tongue of the crocodile,A2344.1.1.1,Why Crocodile Has Half A Tongue,0.637,0.500,2
A,M39a6b,A leaned tower and the builder’s daughter-in-law,S54,Cruel Daughter-In-Law,0.637,0.371,2
A,J48,Parrot cuts the sky rope,F51.1.3,Stalk As Sky-Rope,0.636,0.405,2
A,K19D,Star’s husband suffers from cold,A762.1,Star-Husband,0.636,0.385,2
A,I59b2,"Milky Way is the way of St, Jacob",A778,Origin Of The Milky Way,0.636,0.541,2
A,A14A,The conflict between the Sun and the Moon,A736.6,Sun And Moon As Friends,0.636,0.589,2
A,L5F,Helpful skull,N819.3.1,Helpful Speaking Skull,0.635,0.488,2
A,I128,Ursa major is a dipper,A771,Origin Of The Great Bear (Ursa Major),0.635,0.474,2
A,E9,The mysterious housekeeper,K1911.3.5,True Bride Reinstated By Acting As Mysterious Housekeeper,0.635,0.466,2
A,K19G,Two stars of different color and brightness,A1129.1.1,"Creator Establishes Twelve Winds, Each A Different Color",0.635,0.371,2
A,K179,Bride purchased for her weight in gold,T52,Bride Purchased,0.634,0.546,2
A,L1F,Sister avenges her lover,P253.5,Sister Avenges Brother's Death,0.634,0.441,2
A,C6G,The diver is a wild boar,E501.4.3.2,Blind Wild Boar In Wild Hunt,0.634,0.576,2
A,I64A,Race along Milky Way,A778.2,Milky Way As A Road,0.634,0.449,2
A,A27,Crowns of the Sun and Moon,A736.11,Contest Between Sun And Moon,0.633,0.471,2
A,I59b1,Milky Way is the road to a remote city,A778,Origin Of The Milky Way,0.633,0.530,2
A,K27g4,"To plow, to sow and to reap in one day",H41.8,"Test Of Royalty: Ability To Sow, Reap, And Winnow Rice In One Day",0.633,0.525,3
A,G12A,Plants from drops of blood,D1812.5.1.1.2,Two Drops Of Blood In Book Mean That Two Have Been Killed,0.633,0.475,2
A,K32E,"The gold, the silver, the wood",F989.22.1,Fowls Eat Gold And Silver,0.633,0.480,2
A,H6bb,The lost objects,H1132,Task: Recovering Lost Objects,0.632,0.353,2
A,I134,Long neck on the Milky Way,A778.6,Milky Way As The Sperma Of The Gods,0.632,0.420,2
A,F51,The clandestine lover,H58.2,Clandestine Lover Identified By Scratches Left On Face By Lady,0.632,0.424,2
A,L15D,The external soul,G512.5,Ogre Killed By Burning External Soul,0.632,0.379,2
A,B42F,Ursa major is an ungulate,A771,Origin Of The Great Bear (Ursa Major),0.631,0.436,2
A,F27,Girls and the water spirits,F420.5.1,Kind Water-Spirits,0.631,0.378,2
A,I66,Ashes on Milky Way,A778.2,Milky Way As A Road,0.631,0.490,2
A,A11C,"The Sun, the Moon and monster’s eyes",A736.6,Sun And Moon As Friends,0.631,0.483,2
A,K172,Deaf bride without hands and feet,A1225.2,Man Originally Without Hands And Feet,0.631,0.388,2
A,A38A,Snare of pubic hair,J1772.4,Culture Hero's Pubic Hair Thought To Be Bear Hair,0.630,0.590,2
A,K175,The wind blows the flour away,A2232.9,Ants Ask God To Give Them Wings: Wind Blows Them Away,0.630,0.414,3
A,K167A,The son of the king and the son of the smith,K1921.1,Son Of The King And Of The Smith Exchanged,0.630,0.363,3
A,B46D,Extraordinary companions turn into stars,F601.7,Animals As Extraordinary Companions,0.629,0.412,2
A,J9,Unborn children talk from the womb,N16,Wagers On Unborn Children,0.629,0.525,2
A,I66,Ashes on Milky Way,A151.6.1,God (Indra) Has Palace On Milky Way,0.629,0.443,2
A,K32E,"The gold, the silver, the wood",E645.1,Reincarnation Of Slain Boy As Gold And Silver,0.629,0.474,2
A,K77C,Ones who hide in a house attack their enemy,D2091,Magic Attack Against Enemy,0.628,0.442,2
A,D1A,Mother-in-law is the Fire,P262.1,Bad Relations Between Mother-In-Law And Daughter-In-Law,0.628,0.375,2
A,H48,Daughters of evil spirit,E728,Evil Spirit Possesses Person,0.628,0.484,2
A,M199e,Carrying the horse,K72,Deceptive Contest In Carrying A Horse,0.628,0.530,2
A,A11A,Eyes of the Sun and the Moon: coolness and night,A735,Pursuit Of Sun By Moon,0.628,0.445,2
A,M68,Breaking wind scares game,F981.3,Animals Killed By Trickster's Breaking Wind,0.628,0.430,2
A,K35a3,The master becomes the servant,J1141.1.6,To Decide Which Is Master And Which Servant They Are To Put Heads Through Window And Servant's Head Is To Be Cut Off,0.628,0.408,2
A,F4,Child born in jug,T581.5,Child Born During Snowstorm,0.627,0.469,2
A,B19,The night and the married life,T280,Other Aspects Of Married Life,0.627,0.422,2
A,H9,Strong and weak,J429,Association Of Strong And Weak -- Miscellaneous,0.627,0.392,2
A,M13,The short-sighted wish is granted,J2199.4,Short-Sighted Economy,0.627,0.521,2
A,B20,Expedition to the upper world,R323,Refuge In Upper World,0.627,0.378,2
A,E14,Sacred knowledge from the dead,D1810.13,Magic Knowledge From The Dead,0.626,0.458,2
A,I114,The golden fleece,R175.1,Escape From Sacrificial Altar On Ram With Golden Fleece,0.626,0.623,2
A,J9,Unborn children talk from the womb,T61.5.3,Unborn Children Promised In Marriage To Each Other,0.626,0.406,2
A,I61A,Milky Way is a belt,A778.3,Milky Way As A River,0.625,0.539,2
A,F18A,The long penis,A2365.2.1.1,Why Horse's Penis Is Long,0.625,0.503,2
A,B105,She daughter-in-law is transformed,G79.2,Woman Eats Daughter-In-Law,0.625,0.371,2
A,M165,Fur coat for the wolf,C311.1.1.1,Tabu: Looking Through The Upturned Sleeve Of A Fur Coat,0.625,0.400,2
A,B42M,Second hunter’s cooking pot,D1601.10.1,Self-Cooking Pot,0.625,0.356,2
A,M90a3,Tree grows from snake,F811.19,Tree Grows Miraculously Fast From Seed,0.625,0.388,2
A,F12,Man kills his wife with her lover’s penis,Q411.0.1.2,Man (Fairy) Kills Wife's Lover,0.625,0.438,3
A,G8C,Cutting tree to get valuables,C518,Tabu: Cutting Down Tree,0.625,0.355,2
A,B116c,Sacred book lost,E383,Ghosts Summoned By Sacred Book,0.624,0.413,2
A,K33B,Friends abandon a pretty girl,F232.4.1,Fairy As A Small Pretty Girl With Blond Hair,0.624,0.414,2
A,B20,Expedition to the upper world,F59.3,Gate To Upper World,0.624,0.380,2
A,K27M,To get an animal of unusual color,A123.7,God Unusual As To Color,0.624,0.535,2
A,K27S,Contest: a race,A2433.1.1,Animal Haunt Established By Contest (Race),0.624,0.583,2
A,I61A,Milky Way is a belt,A778.10,Abyss At End Of Milky Way,0.623,0.614,2
A,M187A,Swimming match of the fish,K1761,Bluff: Provisions For The Swimming Match,0.623,0.391,2
A,M60a3,Sham doctor: punishment of a scoundrel,K824,Sham Doctor Kills His Patients,0.623,0.364,2
A,M114b,Not clothed and not naked,J2312,Naked Person Made To Believe That He Is Clothed,0.575,0.622,2
A,I67,Emu and rhea in the Milky Way,A778,Origin Of The Milky Way,0.622,0.515,2
A,J48,Parrot cuts the sky rope,F51.1.5.1,Heavenly Being's Hair As Sky-Rope,0.622,0.446,2
A,B27A,Transformation into thunder and lightning,G303.17.2.5,Devil Retreats Into Hell Amid Thunder And Lightning,0.622,0.388,2
A,A32E,Person with an object in hands,F515.0.1,Person Without Hands,0.592,0.622,2
A,K120a2,Not my mother but my mother-in-law,T417.1,Mother-In-Law Seduces Son-In-Law,0.622,0.377,2
A,I41A,Rainbow from anthill or termite nest,A791.8,Rainbow Comes Out Of An Anthill,0.622,0.470,2
A,F27,Girls and the water spirits,F420.4.8,Water-Spirits Have Treasures Under Water,0.622,0.395,2
A,L81B,Hero’s legs are cut off,S162.1,Fighting On Stumps Of Legs After They Have Been Cut Off At Knee,0.622,0.372,2
A,K64,Escape from Polyphemos’ cave,A1024,Escape From Deluge In Cave,0.622,0.441,2
A,J32D,Princess in a tower (The glass mountain),F772.2.4,Tower Of Glass; Melts In Sun,0.621,0.421,2
A,H7G,The life candle,E765.1.1,Life Bound Up With Candle,0.621,0.529,2
A,K56c,Golden axe,D475.1.17,Transformation: Axe Becomes Golden,0.621,0.463,2
A,D4c1,Swimming elk diverts attention,K2381,Ruler Diverts Attention From Misgovernment By Beginning A War,0.621,0.441,2
A,A12E,Spider is enemy of celestial bodies,A702.3.1,Celestial Bodies Attached To A Wheel In Heaven Around Which They Move,0.620,0.507,2
A,F93A,The talking penis and mother-in-law,P262,Mother-In-Law,0.620,0.453,2
A,K27Q,Milk of the wild beast,R13.1,Abduction By Wild Beast,0.620,0.405,2
A,A5A,"Elder brother is the boy, younger one is originally a doll",R155.2,Elder Brother Rescues Younger,0.620,0.487,3
A,I59b3,Milky Way is the way of salt traders,A778.6,Milky Way As The Sperma Of The Gods,0.620,0.455,2
A,C6G,The diver is a wild boar,D2156.4,Wild Boar Reprimanded About Its Maraudings By Saint,0.620,0.472,2
A,C8c1,Father and daughter beget the people,P234,Father And Daughter,0.619,0.392,2
A,K102C,"Changing his appearance, the hero returns magic object that was stolen from him",D882,Magic Object Stolen Back,0.619,0.384,3
A,M39e1a,The iron-eating mice,F561.8,Iron-Eating Tribe,0.619,0.507,2
A,K107A,Iron shoes to be worn out,J2335,The Stag With Iron Shoes,0.619,0.362,2
A,J48,Parrot cuts the sky rope,F51.1.7,Sky-Rope Of Mucus,0.619,0.446,2
A,I76A,Snake turns into dragon,N182,Snake Turns To Gold In Answer To Dream,0.619,0.385,2
A,A14A,The conflict between the Sun and the Moon,A735,Pursuit Of Sun By Moon,0.618,0.559,2
A,I93,Milky Way is the backbone,A778.8,Milky Way Is Smoke (Ashes),0.618,0.510,2
A,I59b2,"Milky Way is the way of St, Jacob",A778.6,Milky Way As The Sperma Of The Gods,0.618,0.416,2
A,M84b1,A journey to the land of the fish,F127.2,Journey To Land Of Elephants,0.618,0.489,2
A,L15h3,Person’s soul is in an insect (worm),E707,Person With More Than One Soul,0.618,0.409,2
A,B48B,Human flesh in the animals,C227,Tabu: Eating Human Flesh,0.617,0.392,2
A,K80a5,A wild boar and the fratricide,E501.4.3.2,Blind Wild Boar In Wild Hunt,0.617,0.411,2
A,B35A,Tree fulfills wishes and then transforms into bear,D1470.1.28,Magic Coin Fulfills Wishes,0.617,0.466,2
A,A46a,The Sun and Moon are eyes of a deity,R9.1.3,Sun And Moon Imprison Each Other,0.617,0.459,2
A,I43B,Milky Way is a serpent or fish,A778.3,Milky Way As A River,0.616,0.466,2
A,L15H,The external soul: three or more objects one inside the other,K975.2,Secret Of External Soul Learned By Deception,0.616,0.363,2
A,I93,Milky Way is the backbone,A778.1.1,Milky Way Is The Wild Hunt,0.616,0.567,2
A,I59b1,Milky Way is the road to a remote city,A778.6,Milky Way As The Sperma Of The Gods,0.616,0.407,2
A,K116B,The girl in the box is replaced with ferocious dog,X1215.6,Lie: Ferocious Dog,0.616,0.424,2
A,C6G,The diver is a wild boar,A1871.1,Origin Of Wild Boar,0.616,0.510,2
A,I138,The glass mountain,H331.1.1,Suitor Contest: Riding Up Glass Mountain,0.615,0.444,2
A,M78C,Cut-off finger-boy,K1512.1,Cut-Off Finger Proves Wife's Chastity,0.615,0.357,2
A,F44,Women and men separate,H774,Riddle: Why Are There More Women Than Men? (Some Women Make Women [I,0.614,0.382,2
A,B48B,Human flesh in the animals,G70.1,Hungry Seamen Eat Human Flesh,0.614,0.395,2
A,K27yy4,To get bark of particular tree,A2785,Origin Of Shape Of Particular Tree,0.614,0.387,2
A,K103A,Tree raises its branches,D1602.2,Felled Tree Raises Itself Again,0.614,0.408,2
A,K32H,Punishment: buried alive,G512.4,Ogre Persuaded To Go Into Hole: Buried Alive,0.614,0.496,2
A,I43B,Milky Way is a serpent or fish,A778.10,Abyss At End Of Milky Way,0.614,0.530,2
A,J12D,Imposter kills his rival,T92.5,Lover Kills His Rival Brother,0.614,0.465,2
A,A11C,"The Sun, the Moon and monster’s eyes",A735,Pursuit Of Sun By Moon,0.614,0.459,2
A,I134,Long neck on the Milky Way,A2351.4.2,Why Magpie Has Long Neck,0.614,0.536,2
A,I61A,Milky Way is a belt,A778.2,Milky Way As A Road,0.614,0.589,2
A,L15H,The external soul: three or more objects one inside the other,M354,Prophecy That Child Will Have External Soul,0.614,0.358,2
A,L85D,One leg and one arm: the injured ploughman,G365.2,Ogress Can Extend Leg Or Arm Any Distance,0.613,0.466,2
A,L19b1,The seven-headed monster,B15.1.2.8.1,Hydra: Nine-Headed Monster,0.613,0.399,2
A,K75a1,The youngest son-in-law should live in the stable,P265,Son-In-Law,0.613,0.361,2
A,H36A,Origin of death from the falsified message,K1087,Falsified Message Brings About A War,0.613,0.464,2
A,A40,The Sun or Moon marry toad,A738.2.1,Religious Sun And Moon,0.613,0.534,2
A,B33f1,Mistress of night and day,A1179,Origin Of Night And Day -- Miscellaneous,0.612,0.458,2
A,F64A,Describes future husband,M341.2.12,Prophecy: Death Through Future Husband,0.612,0.390,2
A,I61A,Milky Way is a belt,A151.6.1,God (Indra) Has Palace On Milky Way,0.612,0.533,2
A,M53E,Would believe evil omen,D1812.5.1.2.1,Vision As Evil Omen,0.612,0.400,2
A,K172,Deaf bride without hands and feet,M431.3,Curse: Fire To Burn Hands And Feet,0.612,0.415,2
A,A40,The Sun or Moon marry toad,A736.1.3,Sun And Moon As Lovers,0.612,0.536,2
A,M75C,Treasure on mountain top,D1552.11,Magic Stone Opens Treasure Mountain,0.612,0.377,2
A,J53B,The killed mother’s breasts,H175.1,Recognition Of Son By Gushing Up Of Milk In Mother's Breasts,0.611,0.433,2
A,L37C,Bad and Good Lucks,J174,Good And Bad In All Books,0.611,0.393,2
A,A46,The Sun and Moon emerge from the eyes of a being,A736.11,Contest Between Sun And Moon,0.611,0.455,2
A,L94A,Caught by his beard,F451.6.1,Dwarf Caught By Beard In Cleft Of Tree,0.611,0.428,2
A,G21,Coconut palm from a human head,F839.4,Human Head As Weapon,0.611,0.577,2
A,J27B,The water father,H599.1,Girl Will Not Drink Of Water Which Had No Father Or Mother (I,0.610,0.404,2
A,L33C,Rock crashes trickster,K476.1.1,Rock Substituted For Ham By Trickster,0.610,0.420,2
A,K75C,Seven years without washing,P541.2.1,Laws Made At Feast Every Seven Years,0.609,0.361,2
A,A2E,The Sun and the Moon are cut off heads,R9.1.3,Sun And Moon Imprison Each Other,0.609,0.572,2
A,C6,Valuables brought from the lower world,F93.0.1,Boat To Lower World,0.609,0.445,2
A,B7D,Water flows from broken bone,D1472.1.35,Water Flows From Axe,0.609,0.503,2
A,M31,Trickster thrown into the water,S142,Person Thrown Into The Water And Abandoned,0.608,0.352,2
A,B9,Water in the tree trunk,K983.2,Dupes Lured Onto Tree-Trunk Bridge; Fall To Death,0.608,0.452,2
A,C6,Valuables brought from the lower world,F80.1.1,Castle In Lower World,0.607,0.447,2
A,A4B,The Sun is afraid of the night,A722.6,Sun Hidden At Night Because Afraid To Wander,0.607,0.486,3
A,L19b1,The seven-headed monster,B15.1.2.6,Seven-Headed Animal,0.607,0.410,2
A,A40,The Sun or Moon marry toad,A736.6,Sun And Moon As Friends,0.606,0.541,2
A,L1D,Woman kills jaguar,F628.1.1.3,Strong Man Kills Jaguar,0.606,0.560,2
A,M39a8b,The cut off tongue of a robber,D2161.3.6.1,Magic Restoration Of Cut-Out Tongue,0.606,0.391,2
A,K33A,Younger brother transformed into animal,P17.8,Kingship Given To Younger Brother,0.606,0.422,2
A,M29g1,Hare or rabbit as the main trickster,A1856,Creation Of Hare (Rabbit),0.606,0.427,2
A,I58,Milky Way is the way of birds,A778.8,Milky Way Is Smoke (Ashes),0.606,0.458,2
A,J64,Person moves on clouds of smoke,A1133.3,Clouds As Smoke Rising To Sky,0.606,0.485,2
A,A27,Crowns of the Sun and Moon,A738.2.1,Religious Sun And Moon,0.605,0.449,2
A,K103,Helpful cow,B579.2,"Helpful Cow Strikes At Flies, While Boy Eats",0.605,0.392,2
A,B125A,Nightingale and blindworm,A2241.5,Nightingale Borrows Blindworm's Eye,0.605,0.439,2
A,I67,Emu and rhea in the Milky Way,A778.6,Milky Way As The Sperma Of The Gods,0.605,0.396,2
A,I43B,Milky Way is a serpent or fish,A778.2,Milky Way As A Road,0.605,0.509,2
A,A27,Crowns of the Sun and Moon,A736.1.3,Sun And Moon As Lovers,0.605,0.451,2
A,K73C,A girl in a bird's nest,D1292,Magic Bird Nest,0.605,0.454,2
A,A38A,Snare of pubic hair,F547.6.1,Remarkably Long Pubic Hair,0.605,0.546,2
A,I84,Milky Way is a snow-shoes track,A778.9,Milky Way As Race Track,0.605,0.560,3
A,I36,"Thunder and lightning are relatives, spouses or in-laws",A162.3.2,Thunder And Lightning Slay Devils,0.604,0.366,2
A,L72G,Obstacle flight: the thrown salt,D673,Reversed Obstacle Flight,0.604,0.401,2
A,K99a3,"The happy dream: Sun, Moon and stars",M119.1,"Swearing By The Elements: Sun, Moon, Stars, Wind",0.604,0.369,3
A,B69,Chipmunk's back scratched: hence his stripes,A2413.2,Stripes Of Chipmunk,0.603,0.567,2
A,M111,Monkey on the banana tree,D1612.1.2,Banana Tree Tells Who Cut Its Branches,0.603,0.403,2
A,M114G,"The camel is high, the goat has a long beard",J1463,A Long Beard And Sanctity,0.603,0.378,2
A,F8,Women and men come together,T133.4,Bridegroom And His Men Come For The Bride,0.603,0.410,2
A,I43B,Milky Way is a serpent or fish,A151.6.1,God (Indra) Has Palace On Milky Way,0.603,0.461,2
A,I98C,The Pleiades is a flock of birds,B878.1.1,Flock Of Birds So Numerous That It Shakes Trees Upon Which It Perches,0.603,0.510,2
A,K80a5,A wild boar and the fratricide,D2156.4,Wild Boar Reprimanded About Its Maraudings By Saint,0.603,0.434,2
A,I58,Milky Way is the way of birds,A778.1.1,Milky Way Is The Wild Hunt,0.603,0.550,2
A,B3D,Earth from worm’s excrements,A828,Earth From Worm Scratched By Creator's Nails,0.602,0.492,2
A,M196,The silence wager,J2511.1.2,Silence Wager: Man And Wife Taken For Dead,0.602,0.556,2
A,C33,Prometeus (the chained strong man),F610.6.1,Man So Strong That He Must Be Chained Except When In Battle,0.602,0.547,2
A,I138,The glass mountain,H1114,Task: Climbing Glass Mountain,0.600,0.406,2
A,M13,The short-sighted wish is granted,J2072.5,Short-Sighted Wish: Camel Wishes A Long Neck,0.600,0.511,3
A,M114D,The boiled eggs: eaten last year,J1191.2,Suit For Chickens Produced From Boiled Eggs,0.600,0.395,2
A,F52,Pubic hair for a bird’s crest,J1772.4,Culture Hero's Pubic Hair Thought To Be Bear Hair,0.600,0.514,2
A,A11A,Eyes of the Sun and the Moon: coolness and night,A700.6,Sun And Moon Purchased,0.600,0.423,2
A,M179A,The owner driven out of his house,D1385.5.2,Axe Driven Into House Entrance Keeps Werwolf Out,0.599,0.418,2
A,K80a5,A wild boar and the fratricide,A1871.1,Origin Of Wild Boar,0.599,0.468,2
A,A27,Crowns of the Sun and Moon,A736.6,Sun And Moon As Friends,0.599,0.455,2
A,G10,The hanging tree,J1517.3,"Overheard Conversation: ""My Money Is Hanging In The Tree",0.599,0.397,2
A,I63,Milky Way is a path of tapir,A778,Origin Of The Milky Way,0.599,0.578,2
A,B33f1,Mistress of night and day,A1172.2,Wallet Containing Night And Day,0.599,0.446,2
A,M57d1,Bird presents objects and fulfills wishes,D1470.1.28,Magic Coin Fulfills Wishes,0.598,0.467,2
A,L37c1,Luck (good or bad) as a person,Z71.16.11.1,Fifteen Characteristics Of A Good (Bad) Woman,0.598,0.473,2
A,K80c2,The treasure finders who murder one another,N556,Treasure-Finders Always Frightened Away,0.598,0.410,2
A,I20C,Dwarfs live in the underworld,F451.4.2.3,Dwarfs Live In A Forest,0.597,0.398,2
A,K27M,To get an animal of unusual color,F711.3,Sea Of Unusual Color,0.597,0.464,2
A,M39a1,Misunderstood instructions: a step behind,J2460.1,Disastrous Following Of Misunderstood Instructions,0.596,0.493,2
A,C8D,The smallpox breaks tabou for incestuous marriage,K1377,Incestuous Marriage Arranged By Trick,0.596,0.481,2
A,C6,Valuables brought from the lower world,F96,Rope To Lower World,0.596,0.370,2
A,M42C,Animal person eats his own marrow,G51.1,Person Eats Self Up,0.596,0.437,2
A,B42T,Ursa major is a big mammal,A771,Origin Of The Great Bear (Ursa Major),0.596,0.421,2
A,A32d2,Person with pitchfolk in the Moon,A753,Moon As A Person,0.596,0.532,2
A,C3,Snakes stops up a hole in the Noah’s arch,J1851.3.1,Fool Stops Hole With Money,0.596,0.479,2
A,M144,The wasp nest as king’s drum,K1023.1,"Dupe Allowed To Guard ""King's Drum"": It Is A Wasp Nest",0.596,0.542,4
A,L80,A drop of blood,D1349.1.6.1,One Drop Of Blood When Licked Satisfies Hunger,0.596,0.388,2
A,B1,Two male creators,A12.1,Male And Female Creators,0.595,0.511,2
A,A5A,"Elder brother is the boy, younger one is originally a doll",K2211.0.1,Treacherous Elder Brother(S),0.595,0.443,2
A,I60,Milky Way is a seam in the sky,A778,Origin Of The Milky Way,0.595,0.483,2
A,J25a1,Child born in grave saves his mother,T551.6,Child Born Without Mouth,0.595,0.425,2
A,L72C,Obstacle flight: the thrown mirror,D673,Reversed Obstacle Flight,0.595,0.379,2
A,I20c2,Dwarfs live at the horizon,F451.4.2.2,Dwarfs Live In Ravines,0.594,0.470,2
A,I14,No-anus people,F917,Monster Swallows People Through Anus,0.594,0.444,2
A,K27q2,To bring musical instrument,D1441.1,Magic Musical Instrument Calls Animals Together,0.594,0.442,2
A,M28,Icarus (failed attempt to fly on artificial wings),F1021.1,Flight On Artificial Wings,0.594,0.450,2
A,M136B,Cutting off the branch,N325.1,Man Kills Son Thinking That He Is Cutting A Branch,0.593,0.359,2
A,K32E,"The gold, the silver, the wood",Q552.18.1,Gold And Silver Demanded Of Saint Disappear,0.593,0.447,2
A,A8B,The Sun in the land of the dead,E481.2.2,Boat To Land Of Dead,0.593,0.441,2
A,B33f1,Mistress of night and day,A1172.3,Night And Day Have Steeds And Chase Each Other,0.593,0.490,2
A,M108A,Trickster as an adopted child,T678,Adopted Child Identical With Real Child Reared With Him,0.593,0.421,2
A,K27u1,One day from conception to birth,T590,Conception And Birth -- Miscellaneous Motifs,0.593,0.436,2
A,B33f1,Mistress of night and day,R255,"Formula For Girl Fleeing: Behind Me Night, Etc ""Behind Me Night And Before Me Day That No One Shall See Where I Go",0.592,0.424,2
A,M157C,You are hens and I am the cock,H1556.1.1,Cock Feigns Death To See What Hens Will Say About Him,0.592,0.351,2
A,K38E,"Of copper, of silver, of gold",F772.2.2,"Towers Of Steel, Silver And Gold",0.592,0.441,2
A,L90D,Lips nailed to the sky and the earth,A731,Sun As King Of Sky And Earth,0.592,0.372,2
A,L5E,Wife’s headless body pursues her husband,D1615.8,Headless Body Sings,0.592,0.459,2
A,I64,Milky Way is a trace of animals,A778.8,Milky Way Is Smoke (Ashes),0.592,0.416,2
A,K56a5b,Any weather is good,U148,Good Weather For One Is Foul For Another,0.591,0.398,2
A,C6F,Diving for drowned person,D1816.4.1,Location Of Corpse Of Drowned Person Detected By Magic,0.591,0.462,2
A,A14A,The conflict between the Sun and the Moon,A700.6,Sun And Moon Purchased,0.591,0.532,2
A,K10B,Cage carried away,K312.1,Thief Hidden In Cage That Is Carried Into House,0.591,0.469,2
A,L46,Head downward,Q522.6,Penance: Hanging For A Thousand Years Head Downward Over A Fire Of Chaff,0.590,0.492,2
A,M53E,Would believe evil omen,J2013.4,Numskull Made To Believe He Is An Evil Spirit,0.590,0.380,2
A,K85C,The four-legged horse is faster than the three-legged one,E501.4.2.6,Two-Legged Horse In Wild Hunt,0.590,0.378,2
A,A40,The Sun or Moon marry toad,A735,Pursuit Of Sun By Moon,0.590,0.513,2
A,L19b1,The seven-headed monster,G361.1.4,Seven-Headed Ogre,0.590,0.360,2
A,L72F,Obstacle flight: the thrown entrails,D673,Reversed Obstacle Flight,0.590,0.385,2
A,I64,Milky Way is a trace of animals,A778.1.1,Milky Way Is The Wild Hunt,0.589,0.462,2
A,K27q2,To bring musical instrument,D1500.1.27,Magic Musical Instrument As Cure For Disease,0.589,0.429,2
A,K27R,To visit the world of the dead,A310.1,Goddess Of World Of The Dead,0.589,0.465,2
A,B33e1,To freeze an embryo in the womb,T577.1,Male Embryo Transformed In Womb To Female,0.589,0.445,2
A,F15,Person’s penis sticks out of the ground,D2171.4.1,Pitcher Magically Sticks To Ground,0.588,0.451,2
A,M90a3,Tree grows from snake,F979.6,Tree Grows Through Handle Of Saint's Bell,0.588,0.352,2
A,I138,The glass mountain,F145.1,Glass Mountain At Borders Of Otherworld,0.587,0.382,2
A,L108b1,A smith makes the voice thin,F663.2,Clever Smith Makes Needle That Pierces Anvil,0.587,0.500,2
A,K32H,Punishment: buried alive,S123.6,Enemies Buried Alive Up To Their Necks And Exposed To Jackals,0.587,0.472,2
A,B3D,Earth from worm’s excrements,A828.1,Earth Excreted By Worm,0.587,0.573,2
A,M152A,Animal tied to another for safety,K713.1.2,Animal Allows Himself To Be Tied To Another For Safety,0.587,0.474,2
A,H48,Daughters of evil spirit,F405.14,Evil Spirit Laid After It Is Tormented By Exorciser,0.587,0.499,2
A,I93,Milky Way is the backbone,A778.3,Milky Way As A River,0.587,0.484,2
A,G8B,Cutting tree to get a person,C518,Tabu: Cutting Down Tree,0.587,0.364,2
A,K68,Blood-clot defends his stepfather,T541.1.1,Birth From Blood-Clot,0.586,0.435,2
A,A11C,"The Sun, the Moon and monster’s eyes",A700.6,Sun And Moon Purchased,0.586,0.436,2
A,I59b4,Milky Way is snow or rime,A778,Origin Of The Milky Way,0.586,0.570,2
A,L19b1,The seven-headed monster,B15.1.2.6.1,Seven-Headed Serpent,0.586,0.394,2
A,M144,The wasp nest as king’s drum,J2102.5,Burning The Wasp Nest,0.585,0.402,2
A,A47,The Sun is born from an egg,A114.2,God Born From Egg,0.585,0.539,2
A,A14,Eclipses: relations between the Sun and the Moon,A736.11,Contest Between Sun And Moon,0.585,0.520,2
A,I93,Milky Way is the backbone,A778.10,Abyss At End Of Milky Way,0.585,0.551,2
A,M29g1,Hare or rabbit as the main trickster,B291.3.2,Hare (Rabbit) As Messenger,0.584,0.358,2
A,A46,The Sun and Moon emerge from the eyes of a being,A738.2.1,Religious Sun And Moon,0.584,0.434,2
A,I27D,The black dog’s jaws,F401.3.3,Spirit As Black Dog,0.584,0.405,2
A,A19C,The sun horse,A732.2.1,Slave Shoots Arrow Into Leg Of Sun's Horse,0.584,0.379,2
A,I134,Long neck on the Milky Way,A2351.4.1,Origin Of Stork's Long Neck,0.584,0.456,2
A,K99a3,"The happy dream: Sun, Moon and stars",F822.1,"Handkerchief Color Of Sun, Moon, And Stars",0.584,0.399,3
A,L19b1,The seven-headed monster,B11.2.3.1,Seven-Headed Dragon,0.584,0.396,2
A,A46,The Sun and Moon emerge from the eyes of a being,A736.1.3,Sun And Moon As Lovers,0.583,0.435,2
A,M39a6,Misunderstood instructions: to cut a road,J2460.1,Disastrous Following Of Misunderstood Instructions,0.583,0.388,2
A,E1b1,Forbidden work for daughter-in-law,C173,Daughter-In-Law Tabu,0.583,0.414,2
A,A27,Crowns of the Sun and Moon,A735,Pursuit Of Sun By Moon,0.583,0.432,2
A,L103,Obstacle flight (Atalanta type),D672,Obstacle Flight,0.583,0.390,2
A,A13B,Ants shade the Sun,J1879.1,Men Drag Carts On To Roof To Shade It From The Sun,0.582,0.490,2
A,I63,Milky Way is a path of tapir,A778.6,Milky Way As The Sperma Of The Gods,0.582,0.444,2
A,C6,Valuables brought from the lower world,R47,Captivity In Lower World,0.582,0.423,2
A,K82A,Pregnancy from the snake eggs,D551.6.3,Transformation By Eating Snake Eggs,0.582,0.403,2
A,J25a1,Child born in grave saves his mother,T585.5,Child Born With All His Teeth,0.582,0.412,2
A,J25B,Dead mother fetches food for her baby,E323.1.2,Dead Mother Returns To Care For Neglected Baby,0.582,0.449,3
A,I102,Milky Way is a tree,A778.8,Milky Way Is Smoke (Ashes),0.582,0.488,2
A,F29A,Worm killed with boiling water,K1462,Washing The Grandmother -- In Boiling Water,0.582,0.354,2
A,A8B,The Sun in the land of the dead,E481.4,Beautiful Land Of Dead,0.582,0.441,2
A,J25a1,Child born in grave saves his mother,T541.8.3.1,Child Born Through Nose,0.581,0.411,2
A,I134,Long neck on the Milky Way,A2351.4.3,Origin Of Antelope's Long Neck,0.581,0.452,2
A,K123A,A broken vessel,N783,"Broken Vessel (Calabash, Etc) To Be Mended Leads To Adventure",0.581,0.399,2
A,K66D,The bear’s (adopted) son,J226.1,Choice Of Freeing One Son: Adopted Son Or Long-Missing Son,0.581,0.434,2
A,I65,Milky Way of the dead,A778.8,Milky Way Is Smoke (Ashes),0.581,0.433,2
A,A24A,The first day or night: transformed into spirits,J1273,Children By Day And By Night,0.581,0.373,2
A,J25a1,Child born in grave saves his mother,T561.3,Child Born In A Bag,0.581,0.414,2
A,A24A,The first day or night: transformed into spirits,D2146,Magic Control Of Day And Night,0.580,0.438,2
A,L37c1,Luck (good or bad) as a person,A525,Good And Bad Culture Heroes,0.580,0.455,2
A,J48,Parrot cuts the sky rope,F51.1,Special Kinds Of Sky-Rope,0.580,0.426,2
A,K56a1,Mother-in-law helps the girl to fulfill a task,P262,Mother-In-Law,0.580,0.356,2
A,K27q2,To bring musical instrument,B297.1,Animal Plays Musical Instrument,0.580,0.447,2
A,H47,Offended sky or earth,A1631.2,Tribe Climbs Down From Sky To Earth,0.580,0.404,2
A,K37B,To recognize a woman by her missing finger,H57.2,Recognition By Missing Finger,0.580,0.431,2
A,C6,Valuables brought from the lower world,F95,Path To Lower World,0.580,0.360,2
A,I102,Milky Way is a tree,A778.1.1,Milky Way Is The Wild Hunt,0.580,0.542,2
A,K27n3c2,The antagonist is father-in-law in guise of a bear,P261,Father-In-Law,0.579,0.420,2
A,K27S,Contest: a race,H331.5.2,Suitor Contest: Race With Bride's Father,0.575,0.579,2
A,L72i,Obstacle flight: the thrown soap,D673,Reversed Obstacle Flight,0.579,0.376,2
A,I60,Milky Way is a seam in the sky,A778.6,Milky Way As The Sperma Of The Gods,0.579,0.371,2
A,B28d1,"Man transformed into deer, his knives into antlers",D643.2,Man Transformed To Deer Decoy For People At Execution Of Saint's Friend,0.579,0.394,2
A,M135,Wolf and two rams,K579.5.1,Wolf Acts As Judge Before Eating The Rams,0.578,0.498,2
A,L20,Eater of the raw meat,D476.2.2,Cooked Meat Changed To Raw,0.578,0.399,2
A,K95,The twining branches (united in death),E631.0.1,Twining Branches Grow From Graves Of Lovers,0.578,0.366,2
A,I65,Milky Way of the dead,A778.1.1,Milky Way Is The Wild Hunt,0.578,0.481,2
A,I87c1,A mouse makes a boat,J2171.1.3,Dupe Makes Boat Of Mud,0.578,0.440,2
A,K19B,Star-husband,C15.1,Wish For Star-Husband Realized,0.578,0.404,2
A,L5E,Wife’s headless body pursues her husband,E783.6,Headless Body Vital,0.578,0.438,2
A,A46,The Sun and Moon emerge from the eyes of a being,A736.6,Sun And Moon As Friends,0.578,0.439,2
A,L42g2,Birds destroy the trace,B33.1.2,Devastating Birds Destroy Grass,0.578,0.409,2
A,J25a1,Child born in grave saves his mother,T551.2,Child Born With Two Heads,0.578,0.411,2
A,K38e4,Palace of gold and silver bricks,D475.1.15,Transformation: Palace To Gold,0.578,0.397,2
A,L72D,Obstacle flight: the thrown scissors,D673,Reversed Obstacle Flight,0.577,0.373,2
A,A7A,Torches in hands of celestial bodies,A702.3.1,Celestial Bodies Attached To A Wheel In Heaven Around Which They Move,0.577,0.488,2
A,K27q2,To bring musical instrument,E554,Ghost Plays Musical Instrument,0.576,0.442,2
A,K19A,Star-wife,C15.1.1,Wish For Star Wife Realized,0.576,0.394,2
A,I93,Milky Way is the backbone,A778.2,Milky Way As A Road,0.576,0.529,2
A,L19b1,The seven-headed monster,G215.1,Seven-Headed Witch,0.576,0.387,2
A,K115,Person saved thanks to the spider web,H1355.1,Quest For Garment Of Spider Web,0.576,0.456,2
A,K32H,Punishment: buried alive,E431.8,Dog Buried Alive To Prevent Ghosts From Walking,0.575,0.460,2
A,F52,Pubic hair for a bird’s crest,F547.6.1,Remarkably Long Pubic Hair,0.575,0.495,2
A,K27q2,To bring musical instrument,D523.1,Transformation By Playing Musical Instrument,0.575,0.459,2
A,B52,Waters of deluge create the mountains,F531.2.1.3,Waters Of Deluge Reach To Giant's Ankles,0.575,0.502,2
A,A8A,"The Sun, the Moon and the star: released by the hero",R9.1.3,Sun And Moon Imprison Each Other,0.575,0.445,2
A,J25a1,Child born in grave saves his mother,T551.12,Child Born With One Leg,0.575,0.409,2
A,M114K,Water which is not from the earth and not from the sky,A702.1,Sky Of Water,0.574,0.401,2
A,J25a1,Child born in grave saves his mother,G33,Child Born As Cannibal,0.574,0.405,2
A,M109a1,Sham brains,K473,Sham Blood And Brains,0.574,0.410,2
A,I93,Milky Way is the backbone,A151.6.1,God (Indra) Has Palace On Milky Way,0.574,0.479,2
A,C6,Valuables brought from the lower world,F80.1.2,Darkness Of Lower World,0.574,0.421,2
A,A14,Eclipses: relations between the Sun and the Moon,A737,Causes Of Eclipses (Sun Or Moon),0.574,0.513,3
A,K27z2c,Prince marries a girl to lock her up,T72.2.1,Prince Marries Scornful Girl And Punishes Her,0.574,0.438,3
A,L110B,Stomach devours an oak tree,F261.3.1.2,Fairies Dance Under Oak Tree,0.574,0.445,2
A,I56A,In the land of the ghosts human being is an evil spirit,C211.2.1,Tabu: Eating In Land Of Ghosts,0.574,0.405,2
A,G28,The fish tree,J1904.4,Nest Built In Tree For Fish,0.573,0.493,2
A,B105,She daughter-in-law is transformed,P262.1,Bad Relations Between Mother-In-Law And Daughter-In-Law,0.573,0.409,2
A,A19D,"One carries the Sun, another the Moon",A736.11,Contest Between Sun And Moon,0.573,0.511,2
A,I58,Milky Way is the way of birds,A778.10,Abyss At End Of Milky Way,0.573,0.494,2
A,K27yy,To come near a dangerous tree,E439.6,Ghosts Cannot Come Near Spayed Bitch,0.572,0.438,2
A,D1A,Mother-in-law is the Fire,N365.4,Man Unwittingly Lies With Mother-In-Law,0.572,0.367,2
A,B53,Creatures or objects from cut off genitals,J1919.5,Genitals Cut Off Through Ignorance,0.572,0.460,2
A,I62,Milky Way is a river,A778.8,Milky Way Is Smoke (Ashes),0.571,0.390,2
A,K38f2,Stains of the dragon’s blood on the hero’s body,D1846.4,Invulnerability Through Bathing In Dragon's Blood,0.570,0.385,2
A,I59b4,Milky Way is snow or rime,A778.6,Milky Way As The Sperma Of The Gods,0.570,0.438,2
A,B9,Water in the tree trunk,A1021.0.5,Deluge: Escape In Hollow Tree Trunk,0.569,0.418,2
A,I20C,Dwarfs live in the underworld,F451.4.1.1,Dwarfs Live In Caves,0.569,0.415,2
A,A20,Childhood and youth of the Sun and Moon,A736.11,Contest Between Sun And Moon,0.569,0.402,2
A,K27f3,To prepare a feather-bed,C735.2.7,Tabu: Sleeping On Feather Bed,0.569,0.462,2
A,D12,Food baked in the sun,C152.3.1,Pregnant Woman Not To Eat Food Baked Overnight,0.569,0.384,2
A,L15h2,Person’s soul is in a bird,E715.1,Separable Soul In Bird,0.569,0.358,2
A,K38f4,Fire-breathing monster,A913.2,Tide Caused By Breathing Of Sea-Monster,0.569,0.365,2
A,K27I,Task: to dry a body of water,E437.2,Ghost Laid In Body Of Water,0.569,0.408,2
A,M38d3,Clod of earth melts away,F981.2,Bull Melts Away After Evil Spirit Has Issued From Him,0.569,0.399,2
A,K99a3,"The happy dream: Sun, Moon and stars",A700.5,"Sun, Moon, And Stars Forged By Smith",0.569,0.390,3
A,J66,The gnawed through bow-strings,D651.4,Transformation To Ant In Order To Gnaw Bow-Strings Of Enemy,0.548,0.568,2
A,B116c,Sacred book lost,D1841.3.3,Sacred Book Or Manuscript Does Not Burn In Fire,0.568,0.383,2
A,I62,Milky Way is a river,A778.1.1,Milky Way Is The Wild Hunt,0.568,0.434,2
A,I7B,Lightnings are fissures in the sky-vault,A702.2,Sky As Solid Vault (Tent),0.568,0.361,2
A,L15h3,Person’s soul is in an insect (worm),E715.3,Separable Soul In Insect,0.568,0.418,2
A,M3B,Hare’s tail is cut off,A2216.5,Hawk's Tail Cut In Two By Sword As He Is Being Transformed,0.568,0.391,2
A,K155B,Climbing up to the girl by her hair,F555.3.1.1,Girl's Hair Spreads On Ground So That It Hides Her,0.568,0.397,2
A,I59,Milky Way is spilled straw,A778.8,Milky Way Is Smoke (Ashes),0.568,0.425,2
A,B4A,Islands cut off by a fish,Q552.16.1.1,Fishermen Cut Fish Into Pieces And Claim That They Have None,0.568,0.402,2
A,B33G,"Three horsemen (the Sun, the Moon, the Night)",R9.1.3,Sun And Moon Imprison Each Other,0.568,0.483,2
A,E36,Hard covering of the body,E134.1,Resuscitation By Covering Body For Certain Time,0.568,0.417,2
A,K168A,Food turns into cut off limbs,D1585.2,Magic Plant Saves Cut-Off Limbs From Corruption,0.567,0.400,2
A,B46B,Seven star sisters,P252.3,Seven Sisters,0.567,0.527,2
A,L37B,Secrets accidentally overheard,N451.1,Secrets Of Animals (Demons) Accidentally Overheard From Tree (Bridge) Hiding Place,0.563,0.566,3
A,K32E,"The gold, the silver, the wood",B101.6,Fish With Gold And Silver Heads,0.566,0.423,2
A,H48,Daughters of evil spirit,D2176.3,Evil Spirit Exorcised,0.566,0.470,2
A,H6D,The lost immortality,C937.1,Immortality Lost Because Of Breach Of Tabu,0.566,0.428,2
A,I59,Milky Way is spilled straw,A778.1.1,Milky Way Is The Wild Hunt,0.566,0.472,2
A,L46,Head downward,E389.1,Ghost Must Be Summoned By King Else He Appears Head Downward,0.566,0.462,2
A,M75C,Treasure on mountain top,D1552.12,Magic Key Opens Treasure Mountain,0.565,0.351,2
A,A2B,Extra suns and moons annihilated,F961.0.1,Several Suns Or Moons Appearing In Sky Simultaneously,0.565,0.431,2
A,E1b1,Forbidden work for daughter-in-law,J1111.3,Clever Daughter-In-Law,0.565,0.403,2
A,M29a1,Raven (crow) is the main trickster,B267.3,Alliance Of Raven And Crow,0.565,0.452,2
A,I109,Milky Way is the path of the Sun,A778,Origin Of The Milky Way,0.565,0.541,2
A,B1D,Good and bad workers,Z71.16.11.1,Fifteen Characteristics Of A Good (Bad) Woman,0.565,0.444,2
A,M53E,Would believe evil omen,D1812.5.1.1,Prodigy As Evil Omen,0.565,0.368,2
A,M53E,Would believe evil omen,D1812.5.1.17,Spectre As Evil Omen,0.565,0.365,2
A,B46D,Extraordinary companions turn into stars,F601.4,Extraordinary Companions Rescue Hero,0.565,0.350,2
A,H24E,To choose life or death,E64.1.1.2,Leaves Of Life And Death,0.564,0.430,2
A,H25,To choose life or death,E64.1.1.2,Leaves Of Life And Death,0.564,0.430,2
A,K157A,Vanished husband recognized by keeping inn,H1385.4,Quest For Vanished Husband,0.564,0.365,2
A,K27E,Eating or drinking contest,D764,Disenchantment By Eating Or Drinking,0.564,0.355,2
A,L80,A drop of blood,Q582.4,Man Dies From Drop Of Blood Of Pet Hound He Has Killed,0.564,0.383,2
A,I58,Milky Way is the way of birds,A778.2,Milky Way As A Road,0.564,0.475,2
A,A40,The Sun or Moon marry toad,A700.6,Sun And Moon Purchased,0.563,0.488,2
A,H30,A wrong choice,J225,Choice: Apparent Injustice Over Greater Wrong,0.563,0.437,2
A,K88,The two travellers (Truth and Falsehood),H251.3.13,Magic Cup As Test Of Truth And Falsehood,0.563,0.357,2
A,I68A,Night of the magic water,D1380.5,Magic Water Protects,0.563,0.428,2
A,J41D,Strong man throws his iron cudgel and lets it fall on his head,F624.2.0.1.1,Strong Man Throws Mountain,0.562,0.400,2
A,A46,The Sun and Moon emerge from the eyes of a being,A735,Pursuit Of Sun By Moon,0.562,0.417,2
A,L65b5,Hero’s dogs at the princess’ marriage party,E495.1,Ghostly Marriage Party,0.562,0.469,2
A,K108,A revived wife betrays her husband,K2213.16,Wife Betrays Husband In Revenge For His Once Having Taken A Second Wife,0.562,0.410,3
A,I64,Milky Way is a trace of animals,A778.3,Milky Way As A River,0.561,0.395,2
A,A24A,The first day or night: transformed into spirits,F691.0.1,Hero Battles Under Lake For A Day And Night,0.561,0.422,2
A,M13,The short-sighted wish is granted,J2162,Short-Sighted Use Of Fire,0.561,0.474,2
A,C18A,The cock lures out the Sun from its hiding place,D1612.3,Hiding Place Speaks And Betrays Hider,0.561,0.446,2
A,I27D,The black dog’s jaws,D1812.5.2.10,Black Dog As Good Omen,0.560,0.392,2
A,E1b1,Forbidden work for daughter-in-law,K2214.2,Treacherous Daughter-In-Law,0.560,0.358,2
A,K32E,"The gold, the silver, the wood",B15.3.2.2,Goat With A Gold And A Silver Horn,0.560,0.417,2
A,M53E,Would believe evil omen,D1812.5.1.3,Breaking Mirror As Evil Omen,0.560,0.367,2
A,H1F,People learn how to bury the dead,A1591.1,Burial Learned From Watching Raven Bury Its Dead,0.560,0.421,2
A,C31a,Celestial bodies or fire are promised to Devil,A702.3.1,Celestial Bodies Attached To A Wheel In Heaven Around Which They Move,0.560,0.492,2
A,A8,"The Sun, the Moon and the Star are three siblings",R9.1.3,Sun And Moon Imprison Each Other,0.560,0.498,2
A,B21,Destruction of the world tree,A878.1,Stream Of Paradise From Roots Of World-Tree,0.559,0.355,2
A,A14,Eclipses: relations between the Sun and the Moon,A738.2.1,Religious Sun And Moon,0.559,0.496,2
A,I64,Milky Way is a trace of animals,A778.10,Abyss At End Of Milky Way,0.559,0.449,2
A,L100B,Forgotten fiancée,D2006.1,Forgotten Fiancée Reawakens Husband's Memory,0.559,0.427,2
A,A14,Eclipses: relations between the Sun and the Moon,A736.1.3,Sun And Moon As Lovers,0.559,0.497,2
A,A32d2,Person with pitchfolk in the Moon,D439.5.1,Transformation: Moon To Person,0.559,0.558,2
A,J48,Parrot cuts the sky rope,F51.0.1,Sky-Rope Shot By Means Of Arrow,0.558,0.366,2
A,K32B,Mother-in-law substitutes her daughter,K1317.5,Woman Substitutes For Her Daughter In The Dark,0.558,0.373,2
A,C8,The couple of close relations originates the mankind,C435.2,Tabu: Uttering Name Of Other Close Relations,0.558,0.371,2
A,G10,The hanging tree,A652.2,Tree Hanging From Sky,0.558,0.456,2
A,K102a2,Conflict between mother and son,T412,Mother-Son Incest,0.558,0.352,2
A,K93b1,Conception from eaten fish,Q415.9,Punishment: Being Eaten By Fish,0.558,0.406,2
A,K80c1,The tell-tale calf’s head,F511.0.9.2,Person With Calf's Head,0.558,0.480,2
A,I2,Lightning from eyes,F541.1.2,Eyes Flash Lightning,0.558,0.536,2
A,I60A,Milky Way is a stripe on belly,A778.8,Milky Way Is Smoke (Ashes),0.558,0.455,2
A,K33A,Younger brother transformed into animal,A745.3,Moon Younger Brother Of The Sun,0.558,0.369,2
A,K27x6,"The Sun, the Moon and the Wind direct the hero",R9.1.3,Sun And Moon Imprison Each Other,0.557,0.390,2
A,I41b1,Rainbow swallows fish,X1723.1.1,Fish Swallows A Gourd Fruit Where People Have Taken Refuge During Rain; Hawk Swallows Fish,0.557,0.399,2
A,N33,Pressing adversary into the ground,F942.2.1,Adversary Pushed Into Ground,0.557,0.381,2
A,B48B,Human flesh in the animals,G36,Taste Of Human Flesh Leads To Habitual Cannibalism,0.557,0.393,2
A,B89,Owl as a king of birds,B242.1.9,Swan As King Of Birds,0.556,0.454,2
A,L65b1,To exchange sheep for dogs,J624.2,Sheep-Dogs Stop Quarreling To Hunt Wolf Who Has Raided The Flock,0.556,0.379,2
A,I116,Milky Way is the border between the seasons,A778.8,Milky Way Is Smoke (Ashes),0.556,0.404,2
A,M38c2,Cuts the horse’ leg off to iron it,E782.4,Horse's Leg Cut Off And Replaced,0.555,0.375,3
A,I60A,Milky Way is a stripe on belly,A778.1.1,Milky Way Is The Wild Hunt,0.555,0.505,2
A,K38E,"Of copper, of silver, of gold",B731.5,"Silver, Gold, And Diamond Birds",0.555,0.388,2
A,M203B,The cat is related to the world of spirits,F121,Journey To World Of Spirits,0.555,0.463,2
A,H6c2,Water of life in the land of darkness,E80,Water Of Life,0.554,0.368,2
A,M60a3,Sham doctor: punishment of a scoundrel,K1955.2.1,Pepper As Universal Remedy Of Sham Doctor: Accidentally Works,0.554,0.373,2
A,K27R,To visit the world of the dead,F95.0.1,Path To World Of Dead,0.554,0.442,2
A,K102C,"Changing his appearance, the hero returns magic object that was stolen from him",D882.3,Magic Object Stolen Back By Servant,0.554,0.399,3
A,K99a3,"The happy dream: Sun, Moon and stars",R9.1.3,Sun And Moon Imprison Each Other,0.554,0.418,2
A,A32C,A man and a dog in the Moon,K1735,Dog Pretends To Be Calling Dog In The Moon When He Barks,0.554,0.421,2
A,C6j1,The earth is brought by the God's enemy,A811,Earth Brought Up From Bottom Of Primeval Water,0.554,0.355,2
A,C18A,The cock lures out the Sun from its hiding place,F1034.4,Person's Armpit As Hiding Place,0.554,0.398,2
A,L81A,Cat brings a misfortune,N398,Mistake In Interpreting Prophecy (Oracle) Brings Misfortune,0.554,0.371,2
A,A14,Eclipses: relations between the Sun and the Moon,A736.6,Sun And Moon As Friends,0.554,0.502,2
A,M38d3,Clod of earth melts away,J2171.5,Bird Nest Of Salt Melts Away,0.554,0.491,2
A,M53F,Disguised trickster eats up all the food,K16.2,Diving Match: Trickster Eats Food While Dupe Is Under Water,0.554,0.360,3
A,N25,The length of a needle as a long distance,K1391,Long Distance Sexual Intercourse,0.553,0.376,2
A,I116,Milky Way is the border between the seasons,A778.1.1,Milky Way Is The Wild Hunt,0.553,0.449,2
A,C5A,Bird-scouts,B563.6,Birds As Scouts,0.553,0.505,2
A,B48B,Human flesh in the animals,G60,Human Flesh Eaten Unwittingly,0.553,0.386,2
A,K27f1,To build a bridge,H1131.2,Devil As Suitor Assigned Task To Build Bridge Or Dam,0.552,0.378,2
A,I102,Milky Way is a tree,A778.3,Milky Way As A River,0.552,0.463,2
A,M3B,Hare’s tail is cut off,A2216.6,God As Falcon Has Tail Cut Off: Hence Falcon's Short Tail,0.552,0.437,2
A,A2E,The Sun and the Moon are cut off heads,A755.4.1,Moon Cut In Half,0.551,0.487,2
A,I64,Milky Way is a trace of animals,A778.2,Milky Way As A Road,0.551,0.431,2
A,F64A,Describes future husband,M369.2.1,Future Husband (Wife) Foretold,0.551,0.359,2
A,K119c,The Thunder king and the Lightning queen,F968,Extraordinary Thunder And Lightning,0.551,0.350,2
A,M39a6b,A leaned tower and the builder’s daughter-in-law,C173,Daughter-In-Law Tabu,0.550,0.363,2
A,E26,People (women) transformed into fish become humans again,A2611.0.4.1,Women Transformed Into Flowers,0.550,0.389,2
A,I102,Milky Way is a tree,A778.10,Abyss At End Of Milky Way,0.550,0.527,2
A,H14,Woman flies back to the land of the dead,E481.2.2,Boat To Land Of Dead,0.550,0.408,2
A,K1i,Tree to descend from a rock,D1413.1.3,Fig Tree From Which One Cannot Descend,0.550,0.373,2
A,B35A,Tree fulfills wishes and then transforms into bear,D1470.1.7,Magic Ass's Head Fulfills Wishes,0.550,0.415,2
A,H12C,Orpheus: to return the dead wife,E322.8,Return From Dead And Remarriage To Husband,0.550,0.408,2
A,I64,Milky Way is a trace of animals,A151.6.1,God (Indra) Has Palace On Milky Way,0.549,0.390,2
A,I109,Milky Way is the path of the Sun,A778.6,Milky Way As The Sperma Of The Gods,0.549,0.415,2
A,L93D,Helpful hedgehog,B511.1.3,Helpful Hedgehog Forces Snake To Suck Out Poison From Bitten Raja,0.549,0.396,2
A,H27a1,Plagues emerge from a hole in the ground,A115.7,Gods Emerge From Hole In Tree,0.549,0.521,2
A,I65,Milky Way of the dead,A778.10,Abyss At End Of Milky Way,0.549,0.467,2
A,I72A,Stars are children of the Sun and the Moon,R9.1.3,Sun And Moon Imprison Each Other,0.548,0.481,2
A,K93b4,"Woman, mare, and bitch birth give birth to human boys",T542,Birth Of Human Being From An Egg,0.548,0.399,2
A,K73C,A girl in a bird's nest,B275.4,Animal's Revenge For Being Criticized By A Bird: Nest Destroyed,0.548,0.363,2
A,A19D,"One carries the Sun, another the Moon",A738.2.1,Religious Sun And Moon,0.548,0.487,2
A,B1D,Good and bad workers,A525,Good And Bad Culture Heroes,0.547,0.427,2
A,A19D,"One carries the Sun, another the Moon",A736.1.3,Sun And Moon As Lovers,0.547,0.489,2
A,A8B,The Sun in the land of the dead,E481.6.3,Land Of Dead In East,0.547,0.410,2
A,B48B,Human flesh in the animals,A2435.3.9.3,Why Tigers Eat Human Flesh,0.547,0.385,2
A,J35,Helpful tree-frog,N815.0.1,Helpful Tree-Spirit,0.547,0.363,2
A,K115,Person saved thanks to the spider web,F989.18,Boar Hung In Spider's Web,0.546,0.436,2
A,K56d1,Treasure in a pumpkin,D1463.2.1,Magic Pumpkin Furnishes Treasure,0.546,0.363,2
A,K73C,A girl in a bird's nest,Q285.1.2,Punishment For Breaking Bird's Nest,0.545,0.406,2
A,A32d2,Person with pitchfolk in the Moon,A747,Person Transformed To Moon,0.545,0.444,2
A,F70,Potiphar's wife: false accusation of sexual abuse,K2100,False Accusation,0.544,0.425,2
A,E1b1,Forbidden work for daughter-in-law,G79.2,Woman Eats Daughter-In-Law,0.544,0.360,2
A,A20,Childhood and youth of the Sun and Moon,A738.2.1,Religious Sun And Moon,0.544,0.383,2
A,H38,Supernatural person comes after his property,D1882,Rejuvenation By Supernatural Person,0.544,0.462,2
A,I20c2,Dwarfs live at the horizon,F451.4.2.3,Dwarfs Live In A Forest,0.544,0.395,2
A,J41D,Strong man throws his iron cudgel and lets it fall on his head,F624.1.3,Strong Man Throws Leopard,0.544,0.389,2
A,A20,Childhood and youth of the Sun and Moon,A736.1.3,Sun And Moon As Lovers,0.544,0.385,2
A,I35a1,Challenge to Thunder-god,A284,God Of Thunder,0.543,0.431,2
A,A8B,The Sun in the land of the dead,E481.6.1,Land Of Dead In North,0.543,0.409,2
A,A8B,The Sun in the land of the dead,E481.6.2,Land Of Dead In West,0.543,0.407,2
A,K75,The youngest daughter is willing (The loathsome bridegroom),L52,Abused Youngest Daughter,0.543,0.371,2
A,G24A,Seeds of plants hidden on the body,F547.3.5,Man's Genitals Hidden In His Body,0.543,0.377,2
A,L42,Hero carried to ogre’s home,G461,Youth Promised To Ogre Visits Ogre's Home,0.543,0.363,2
A,A47,The Sun is born from an egg,A715,Sun Born Of First Couple,0.539,0.543,2
A,I102,Milky Way is a tree,A778.2,Milky Way As A Road,0.542,0.506,2
A,A19D,"One carries the Sun, another the Moon",A736.6,Sun And Moon As Friends,0.542,0.493,2
A,K1i,Tree to descend from a rock,D1413.1.2,Pear Tree From Which One Cannot Descend,0.542,0.357,2
A,K1H,Imprisoned in the tree-hollow,F386.1,Fairy Imprisoned In Tree,0.542,0.411,2
A,M203A,Tell them that I am dead,F405.7.1,"""Tell To Mill-Mouse That The Field-Mouse Is Dead",0.542,0.350,2
A,F28a4,Plants (fruits) as penises,X1400,"Lies About Plants, Fruits, Vegetables And Trees",0.542,0.441,2
A,L93,Axe thrown into the water,N337.3,Axe Thrown At One Animal Misses But Kills Another,0.541,0.359,2
A,M3B,Hare’s tail is cut off,W154.11,Tiger Returns Rope To Former Captor: Rewarded By Having Tail Cut Off,0.541,0.356,2
A,M53F,Disguised trickster eats up all the food,F473.6.4,Spirit Eats Food,0.541,0.408,2
A,M114H,To build a house in the air,A2233.2,Dog Will Not Help Build House: Must Remain Out Of Doors,0.541,0.379,2
A,I65,Milky Way of the dead,A778.2,Milky Way As A Road,0.541,0.449,2
A,K172,Deaf bride without hands and feet,B15.6.4,Bull With Human Hands And Feet,0.541,0.401,2
A,I102,Milky Way is a tree,A151.6.1,God (Indra) Has Palace On Milky Way,0.540,0.458,2
A,I20C,Dwarfs live in the underworld,F451.4.1.11,Dwarfs Live In Hills And Mountains,0.540,0.393,2
A,H48,Daughters of evil spirit,D1385.19,Clothing Protects From Evil Spirit,0.540,0.451,2
A,H14,Woman flies back to the land of the dead,E481.4,Beautiful Land Of Dead,0.540,0.408,2
A,A35b1,Criminal hates the Moon’s light,A712.1,"Moon From Light, Sun From Fire",0.540,0.460,2
A,I62,Milky Way is a river,A778.10,Abyss At End Of Milky Way,0.540,0.421,2
A,K19A,Star-wife,C31.1.5,Tabu: Opening Gourd In Which Star-Wife Is Kept,0.539,0.368,2
A,I59,Milky Way is spilled straw,A778.3,Milky Way As A River,0.539,0.403,2
A,A8B,The Sun in the land of the dead,E481.8.3,Venus As Land Of Dead,0.539,0.405,2
A,L65b3,The escape on the tree,A1023,Escape From Deluge On Tree,0.539,0.411,2
A,B41A,Animal reveals master’s secrets,A2237.1,Animal Reveals Mistress's Adultery: Punished By Master,0.539,0.361,2
A,A14,Eclipses: relations between the Sun and the Moon,A735,Pursuit Of Sun By Moon,0.539,0.476,2
A,J16,Rejects to eat insects,J2102.8,"Frogs To Eat Insects, Snakes To Eat Frogs",0.539,0.400,2
A,B54,Chips turn into fish,D1470.2.1.1,Leaves Turn Into Fish To Feed Family,0.539,0.372,2
A,A20,Childhood and youth of the Sun and Moon,A736.6,Sun And Moon As Friends,0.539,0.388,2
A,B89,Owl as a king of birds,B242.1.2,Wren King Of Birds,0.538,0.393,2
A,K19A,Star-wife,T111.2.1.1,Star-Wife Gives Birth To A Human Baby,0.538,0.408,2
A,B116b,Sacred book gets wet,E383,Ghosts Summoned By Sacred Book,0.538,0.399,2
A,M75B,Hero inside carcass,K1973,Jackal Inside Carcass Of Bullock Makes People Think His Voice Is God's,0.538,0.380,2
A,M114,Rope of sand,H1021.1.1,Task: Making A Rope Of Sand; Countertask: First Showing The Pattern,0.537,0.360,2
A,A46a,The Sun and Moon are eyes of a deity,A736.11,Contest Between Sun And Moon,0.537,0.398,2
A,A46,The Sun and Moon emerge from the eyes of a being,A700.6,Sun And Moon Purchased,0.537,0.396,2
A,I59,Milky Way is spilled straw,A778.10,Abyss At End Of Milky Way,0.537,0.459,2
A,M108A,Trickster as an adopted child,T674,Adopted Child Deserted When Own Child Is Born To Couple,0.536,0.382,2
A,F4,Child born in jug,T551.6,Child Born Without Mouth,0.536,0.406,2
A,F68,Death feigned: woman dresses up as a man,K1538.2,Death Feigned So Man Can Live With Mistress,0.536,0.408,2
A,I134,Long neck on the Milky Way,A778.1.1,Milky Way Is The Wild Hunt,0.536,0.445,2
A,C6h1,Earth is extracted from the belly of an invertibrate,G303.1.8,Two Devils (Male And Female) Extracted From Corpse's Belly,0.536,0.368,2
A,K27U,Hide-and-seek,F914.2,Buffalo Sucks Hero With Water It Is Drinking And Throws Him Up Again In Game Of Hide-And-Seek,0.536,0.418,2
A,B46D,Extraordinary companions turn into stars,F601.3,Extraordinary Companions Betray Hero,0.536,0.392,2
A,K27x6,"The Sun, the Moon and the Wind direct the hero",H1232,"Directions On Quest Given By Sun, Moon, Wind, And Stars",0.535,0.351,3
A,K35c3,The ship suddenly stops,F531.3.1.2,Giant's Leg Stops Ship At Sea,0.535,0.464,2
A,H48,Daughters of evil spirit,J2013.4,Numskull Made To Believe He Is An Evil Spirit,0.535,0.452,2
A,C25C,The Big Dipper and the end of the world,A1080,Battle At End Of World,0.535,0.362,2
A,K102C,"Changing his appearance, the hero returns magic object that was stolen from him",D861.8,Magic Object Stolen By Relatives,0.535,0.383,3
A,B44D,Black-an-white animal is night and day,G220.0.1,"""Black"" And ""White"" Witches",0.534,0.460,2
A,C6B,"The diver is muskrat (otter, beaver)",A2241.10,Beaver Borrows Muskrat's Tail And Never Gives It Back,0.534,0.492,2
A,A7,The sun pursues the moon,A715.5,Sun As Offspring Of Moon,0.501,0.534,2
A,L90B,Teeth reaching the sky and the earth,A731,Sun As King Of Sky And Earth,0.534,0.361,2
A,M39a6b,A leaned tower and the builder’s daughter-in-law,J1111.3,Clever Daughter-In-Law,0.533,0.353,2
A,I56A,In the land of the ghosts human being is an evil spirit,A2523.1,Why Hog Has Evil Spirit,0.533,0.400,2
A,M57d1,Bird presents objects and fulfills wishes,D1470.1.7,Magic Ass's Head Fulfills Wishes,0.533,0.416,2
A,M204A,One does not see money because he closes his eyes,P336.3,Poor Peasant Closes The Eyes In Order Not To See Guest Eat: Later Suicide,0.533,0.355,2
A,K20,Wish for star-husband or wife realized,A762.1,Star-Husband,0.533,0.362,2
A,K33A,Younger brother transformed into animal,L41,Younger Brother Given Birthright Of Elder,0.532,0.384,2
A,I62,Milky Way is a river,A778.2,Milky Way As A Road,0.532,0.404,2
A,K80c1,The tell-tale calf’s head,D1612,Tell-Tale Magic Objects,0.531,0.362,2
A,J11,Unborn child asks to pick up some flowers,K551.26,Turtle Allowed To Go To Pool To Pick Flowers Before Death,0.531,0.449,2
A,C9,Warning about the coming flood,B527.1,Fish Promises To Spare Man In Coming Flood,0.531,0.390,2
A,C6G,The diver is a wild boar,F234.1.3.1,Fairy In Form Of Wild Boar,0.531,0.439,2
A,A2E,The Sun and the Moon are cut off heads,A736.11,Contest Between Sun And Moon,0.531,0.496,2
A,K27x4,Climb a tree with a full glass in hand,K983,Dupe Persuaded To Climb Tree,0.530,0.363,2
A,K27Q,Milk of the wild beast,G352,Wild Beast As Ogre,0.530,0.360,2
A,K27Z,Game of chance for life and death,E64.1.1.2,Leaves Of Life And Death,0.530,0.421,2
A,M60a3,Sham doctor: punishment of a scoundrel,K824.1,Sham Doctor Kills Ogre (Giant),0.530,0.369,2
A,K1i,Tree to descend from a rock,D1413.1.1,Cherry Tree From Which One Cannot Descend,0.530,0.360,2
A,H12C,Orpheus: to return the dead wife,E322,Dead Wife's Friendly Return,0.513,0.530,3
A,J41D,Strong man throws his iron cudgel and lets it fall on his head,F628.2.2,Strong Man Throws Another From Walls,0.529,0.427,2
A,K56a5b,Any weather is good,V17.4,Sacrifice For Good Weather,0.529,0.361,2
A,C6G,The diver is a wild boar,C619.2,Tabu: Going Into Wild Boar's Haunt,0.529,0.447,2
A,I59,Milky Way is spilled straw,A778.2,Milky Way As A Road,0.529,0.440,2
A,I60A,Milky Way is a stripe on belly,A778.3,Milky Way As A River,0.529,0.431,2
A,B24,Transformation into wild pigs,B845.1,Wild Pigs Kept By Demigod As If Domesticated,0.529,0.469,2
A,A7,The sun pursues the moon,R9.1.3,Sun And Moon Imprison Each Other,0.529,0.480,2
A,B7B,Waters from broken pot,J2061.1.3,Pot Of Flour To Be Sold: Broken,0.528,0.519,2
A,I59b3,Milky Way is the way of salt traders,A778.8,Milky Way Is Smoke (Ashes),0.528,0.434,2
A,L97,Persons rooted to the ground,F531.1.6.9,Giant Rooted To Ground Because His Nails And Hair Have Grown Into The Earth On Account Of His Great Age,0.528,0.393,2
A,I98C,The Pleiades is a flock of birds,F982.1.1,Great Flock Of Birds Lift Grayhound And Garments Into Air,0.528,0.490,2
A,M132A,"Ears, not horns",K335.0.4.2,"Porcupine, Made To Believe That Rabbit's Ears Are Horns, Flees And Leaves Food Behind",0.528,0.399,2
A,I59,Milky Way is spilled straw,A151.6.1,God (Indra) Has Palace On Milky Way,0.527,0.399,2
A,A19D,"One carries the Sun, another the Moon",A735,Pursuit Of Sun By Moon,0.527,0.468,2
A,I116,Milky Way is the border between the seasons,A778.3,Milky Way As A River,0.527,0.384,2
A,K27yy,To come near a dangerous tree,E439.10,Ghost Will Not Come Near Person Who Anoints Self With New Honey,0.527,0.353,2
A,I60A,Milky Way is a stripe on belly,A778.10,Abyss At End Of Milky Way,0.527,0.491,2
A,L94C,Son or daughter to be sacrificed,A831.3,Earth By Sacrifice Of Son And Daughter Of First Couple,0.527,0.355,2
A,J32D,Princess in a tower (The glass mountain),F772.2.4.1,Tower Of Glass In Midst Of Sea,0.527,0.355,2
A,I59b2,"Milky Way is the way of St, Jacob",A778.8,Milky Way Is Smoke (Ashes),0.527,0.396,2
A,I6A,Male and female birds: different kinds of precipitation,A918,Male And Female Waters,0.527,0.460,2
A,G8A,Cutting tree to make a canoe,J2171.1.3.1,Attempts To Make Canoe Of Sand,0.526,0.360,2
A,A38A,Snare of pubic hair,J1772.4.1,Pubic Hair Of Ardent Husband's Wife Thought To Be Calf's Tail By Peasant In Tree,0.526,0.419,2
A,I59b3,Milky Way is the way of salt traders,A778.1.1,Milky Way Is The Wild Hunt,0.526,0.482,2
A,M90a,To marry a man who would give a correct answer,H344.1,Princess To Marry Man Who Can Give Her Correct Account Of What Happened In Her Bedchamber,0.526,0.373,2
A,I116,Milky Way is the border between the seasons,A778.10,Abyss At End Of Milky Way,0.525,0.436,2
A,A22C,Person sacrificed to the Sun,S263.3,Person Sacrificed To Water Spirit To Secure Water Supply,0.525,0.380,2
A,K68,Blood-clot defends his stepfather,A1263.1.1,Man Created From Blood-Clot,0.525,0.381,2
A,K73a1,Baby child substituted with inanimate object,F1009,Inanimate Object Acts As If Living,0.525,0.365,2
A,F4,Child born in jug,T585.5,Child Born With All His Teeth,0.525,0.394,2
A,I59b1,Milky Way is the road to a remote city,A778.8,Milky Way Is Smoke (Ashes),0.525,0.388,2
A,I59b2,"Milky Way is the way of St, Jacob",A778.1.1,Milky Way Is The Wild Hunt,0.524,0.440,2
A,A20,Childhood and youth of the Sun and Moon,A735,Pursuit Of Sun By Moon,0.524,0.368,2
A,F4,Child born in jug,T541.8.3.1,Child Born Through Nose,0.524,0.392,2
A,K27z2,Princess separated from her son averted incest with him,N681.3,Incest Accidentally Averted,0.524,0.495,2
A,L43,Dangerous persons eat filth,K1044,Dupe Induced To Eat Filth (Dung),0.524,0.356,2
A,M21,A protector hides fugitives,D1552.5,Cave Opens And Hides Fugitives,0.523,0.371,2
A,F4,Child born in jug,T561.3,Child Born In A Bag,0.523,0.395,2
A,C6G,The diver is a wild boar,M397,Prophecy: Hunters Will Encounter Certain Wild Boar,0.523,0.445,2
A,K67H,The bear in the cattle-shed,B301.6.1,Faithful Cattle Shed Horns In Grief For Death Of Man,0.523,0.387,2
A,C8a1,Thread should enter the needle’s eye,J86,Rocks Falling Together And Thread Entering Needle's Eye Suggest Sexual Intercourse: Hence Its Beginning,0.523,0.356,3
A,I59b1,Milky Way is the road to a remote city,A778.1.1,Milky Way Is The Wild Hunt,0.522,0.431,2
A,B3A,Primeval waters,A617.1,Creation Of Universe From Clay Pot Set Afloat On Primeval Waters,0.522,0.437,2
A,K1H,Imprisoned in the tree-hollow,E755.4.1,Souls Of Dead Imprisoned In Tree,0.522,0.401,2
A,K75a1,The youngest son-in-law should live in the stable,L11,Fortunate Youngest Son,0.522,0.351,2
A,C6,Valuables brought from the lower world,F94,Stair To Lower World,0.521,0.375,2
A,F28a4,Plants (fruits) as penises,H1333,"Quest For Extraordinary Plants (Fruits, Trees)",0.521,0.426,2
A,I21,Red-haired people scorched by the sun,D1711.9,Dark-Haired People (With Bowed Nose) As Magicians,0.521,0.387,2
A,K10i,A tree that opens its trunk,D1393.1,Tree Opens And Conceals Fugitive,0.521,0.369,2
A,F4,Child born in jug,T551.2,Child Born With Two Heads,0.521,0.393,2
A,M34,Thrown object turns into tail,C967,"Valuable Object Turns To Worthless, For Breaking Tabu",0.520,0.368,2
A,L55,Monster killed with hot liquid,A1016.2,Deluge Produced By Hot Liquid Which Burns As It Floods,0.520,0.451,2
A,H18,Hoarded game released,A1423.0.1,Hoarded Plants Released,0.520,0.499,2
A,I41b1,Rainbow swallows fish,A2211.9,Lizard Swallows Fish Bone: Hence Head Bobs Up And Down,0.519,0.384,2
A,I33,Tree of the dead,A671.2.3,Tree In Hell Made Of Living Heads Of The Dead,0.516,0.519,2
A,I60A,Milky Way is a stripe on belly,A778.2,Milky Way As A Road,0.519,0.471,2
A,F10,Vaginal teeth knocked out,D1741.8,Sorcerer's Power Lost When His Teeth Are Knocked Out,0.519,0.383,2
A,B105,She daughter-in-law is transformed,S51.1,Cruel Mother-In-Law Plans Death Of Daughter-In-Law,0.519,0.371,2
A,H48,Daughters of evil spirit,F402.1.11.4,Evil Spirit's Kiss Fatal,0.519,0.434,2
A,A5,The Sun and the Moon are males,A753.3.1,Moon Deceives Sun,0.519,0.450,2
A,A6,The Sun and the Moon are females,A753.3.1,Moon Deceives Sun,0.519,0.419,2
A,B89,Owl as a king of birds,B242.1.3,Hornbill King Of Birds,0.519,0.418,2
A,I20c2,Dwarfs live at the horizon,F451.4.1.1,Dwarfs Live In Caves,0.519,0.412,2
A,B24,Transformation into wild pigs,A2545.5,Why Wild Pigs Ravage Rice-Fields,0.518,0.463,2
A,I60A,Milky Way is a stripe on belly,A151.6.1,God (Indra) Has Palace On Milky Way,0.518,0.427,2
A,I116,Milky Way is the border between the seasons,A778.2,Milky Way As A Road,0.518,0.419,2
A,L42g2,Birds destroy the trace,B33.1.3,Black Birds Destroy Crops,0.517,0.364,2
A,A2a1,The Moon was as bright as the Sun,F451.7.4,Dwarf King Has Silver Miner's Torch Bright As The Sun,0.517,0.377,2
A,K32h3,Punishment: burned alive,W152.2,Man Had Rather Be Burned Alive Than To Share Food With A Guest,0.517,0.375,2
A,K107B,Not to light a candle,E434.9,Candle Light Protection Against Ghost,0.516,0.502,2
A,K80a5,A wild boar and the fratricide,F234.1.3.1,Fairy In Form Of Wild Boar,0.516,0.403,2
A,K10D,Bird carries man to an island,B551.2,Aquatic Bird Carries Man Across Water,0.516,0.369,2
A,M90a3,Tree grows from snake,B765.26,Palm Tree Grows On Serpent's Body,0.516,0.355,2
A,A19E,The summer sun and the winter sun,D1664,Summer And Winter Garden,0.516,0.393,2
A,I116,Milky Way is the border between the seasons,A151.6.1,God (Indra) Has Palace On Milky Way,0.516,0.379,2
A,M144,The wasp nest as king’s drum,K1023,Getting Honey From The Wasp-Nest,0.516,0.414,2
A,F12,Man kills his wife with her lover’s penis,M414.9,Curse On Wife's Lover,0.516,0.396,2
A,I67,Emu and rhea in the Milky Way,A778.8,Milky Way Is Smoke (Ashes),0.516,0.377,2
A,I87D,Men in the time of giants,F531.5,Giants And Men,0.515,0.467,2
A,G21,Coconut palm from a human head,G361.1.1.1,"Monster With Two Horns, Each Having Human Head On It",0.515,0.441,2
A,K27Q,Milk of the wild beast,H1361.6,Quest For Cheese Made From Milk Of Wild White Buffaloes,0.515,0.404,2
A,K27U,Hide-and-seek,K341.26,Partridge Plays Hide-And-Seek With Girls While Fox Eats The Curds They Are Taking To Market,0.515,0.414,2
A,J41D,Strong man throws his iron cudgel and lets it fall on his head,F624.1.2,Strong Man Throws Walrus,0.515,0.414,2
A,L5A,Human head turns into celestial object,F839.4,Human Head As Weapon,0.515,0.403,2
A,K80a5,A wild boar and the fratricide,C619.2,Tabu: Going Into Wild Boar's Haunt,0.515,0.410,2
A,M39e1a,The iron-eating mice,B16.2.8,Giant Man-Eating Mice,0.515,0.399,2
A,G21,Coconut palm from a human head,B25.2,Dog With Human Head,0.515,0.486,2
A,I25b1,They use their own hair instead of a rope,D2083.3.2,Witch Transfers Milk From Another's Cows By Use Of Hair Rope,0.514,0.368,3
A,K37D,Recognized by traces of teeth,F420.1.7,Water-Spirits Appearing Like Human Beings Are Recognized By Traces Of Water,0.514,0.427,2
A,A46a,The Sun and Moon are eyes of a deity,A738.2.1,Religious Sun And Moon,0.514,0.379,2
A,F26,Origin of menses: sacred objects lost,V130,Other Sacred Objects Connected With Worship,0.514,0.468,2
A,I67,Emu and rhea in the Milky Way,A778.1.1,Milky Way Is The Wild Hunt,0.513,0.419,2
A,K27Z,Game of chance for life and death,N4.2,Playing Game Of Chance (Or Skill) With Uncanny Being,0.513,0.446,2
A,A46a,The Sun and Moon are eyes of a deity,A736.1.3,Sun And Moon As Lovers,0.513,0.381,2
A,A2E,The Sun and the Moon are cut off heads,A755.4,Moon Cut In Two By Sun: Hence Waxes And Wanes,0.513,0.485,3
A,A47,The Sun is born from an egg,A511.1.9,Culture Hero Born From Egg,0.513,0.475,2
A,K27Q,Milk of the wild beast,B291.3,Wild Beast As Messenger,0.513,0.386,2
A,J19c,The pulled out tongue,K825.1,Cormorant's Tongue Pulled Out By Putting Louse On It,0.512,0.463,2
A,G21,Coconut palm from a human head,B29.2.1,Serpent With Human Head,0.512,0.432,2
A,K27U,Hide-and-seek,H375.1,Game Of Hide And Seek With Seven Princesses To Determine Which Is To Be Hero's Wife,0.512,0.429,2
A,E41,Smith kneads iron with his bare hands,F628.1.3.2,Child Tears To Pieces A Live Snake With His Bare Hands,0.511,0.386,2
A,J32a1,The night wreckers are horses,F366.2,Fairies Ride Mortal's Horses At Night,0.511,0.488,2
A,J41D,Strong man throws his iron cudgel and lets it fall on his head,F624.2.0.1,Strong Man Throws Enormous Stone,0.511,0.371,2
A,B89,Owl as a king of birds,B242.1.4,Pelican As King Of Birds,0.510,0.410,2
A,D11,Food baked in armpits,C152.3.1,Pregnant Woman Not To Eat Food Baked Overnight,0.510,0.351,2
A,B70,Ears of the hare,K1018,Hare Flatters Other Animals Into Letting It Bite Off Their Ears,0.509,0.395,2
A,K80a5,A wild boar and the fratricide,M397,Prophecy: Hunters Will Encounter Certain Wild Boar,0.509,0.408,2
A,M196A,Corpses that became to speak,J2311.9,"Foolish Peasants Carry Couple To Burial; When ""Corpses"" Speak They Flee In Terror",0.509,0.351,2
A,L63,Person eats with vagina or anus,G51,Person Eats Own Flesh,0.509,0.364,2
A,L102A,Escape from the sea-gull husband,B541.1,Escape From Sea On Fish's Back,0.509,0.370,2
A,I134,Long neck on the Milky Way,A778.10,Abyss At End Of Milky Way,0.509,0.432,2
A,I84,Milky Way is a snow-shoes track,A778,Origin Of The Milky Way,0.509,0.459,2
A,M29B,"Trickster-fox, jackal or coyote",J1117.2,Coyote As Trickster,0.508,0.490,2
A,A32d1,Cain and Abel in the Moon,F839.3,Cain Slays Abel With Bone Of A Camel,0.508,0.456,2
A,A46a,The Sun and Moon are eyes of a deity,A736.6,Sun And Moon As Friends,0.508,0.384,2
A,B33d1,Days of week are (demonic) persons,N128.0.1,Days Of The Week On Which Certain Tragic Deaths Occurred,0.508,0.396,2
A,K27n3c2,The antagonist is father-in-law in guise of a bear,K2218.2,Treacherous Father-In-Law,0.508,0.387,2
A,K172,Deaf bride without hands and feet,D1518.2,Root Restores Amputated Hands And Feet,0.508,0.377,2
A,K80a6,Speaking pipe made from a recently grown plant,D1610.3,Speaking Plant,0.508,0.439,2
A,K30A,The chief’s wife and vultures,T55.2,Servant-Girl Helps Prince If He Will Make Her Chief Wife,0.508,0.385,2
A,H14,Woman flies back to the land of the dead,E481.6.3,Land Of Dead In East,0.508,0.380,2
A,K33H,"The cat, the dog and the magic object",A2281.3,Why Cat And Dog Fight: Dog Ate Up Cat's Part In Master's Reward,0.508,0.360,2
A,L100B,Forgotten fiancée,D2006.1.4,Forgotten Fiancée Buys Place In Husband's Bed And Reawakens His Memory,0.507,0.380,2
A,L37b4,The magic medicine is in the body of a dog,D1561.1.4,Magic Medicine Brings Success,0.507,0.364,2
A,A2E,The Sun and the Moon are cut off heads,A738.2.1,Religious Sun And Moon,0.507,0.473,2
A,H12C,Orpheus: to return the dead wife,E366,Return From Dead To Give Counsel,0.507,0.411,2
A,M3B,Hare’s tail is cut off,R231.2.1,Helpful Animal's Tail Cut Off So Pursuers Who Hang Onto Tail Are Shaken Off Into River,0.507,0.351,2
A,F82,Incest with mother-in-law,C171,Mother-In-Law Tabu,0.507,0.376,2
A,K32h1,Punishment: rolled down a hill in a barrel,K866,Fatal Game: Rolling Down Hill On Barrel,0.507,0.363,2
A,A2E,The Sun and the Moon are cut off heads,A736.1.3,Sun And Moon As Lovers,0.507,0.474,2
A,K49,The dead mother visits her child,E323.1.1,Dead Mother Returns To Suckle Child,0.506,0.371,3
A,J35,Helpful tree-frog,B493.1,Helpful Frog,0.505,0.506,2
A,I36,"Thunder and lightning are relatives, spouses or in-laws",G303.17.2.5,Devil Retreats Into Hell Amid Thunder And Lightning,0.506,0.409,2
A,K107B,Not to light a candle,J1943,Examining The Sundial By Candle-Light,0.506,0.433,2
A,K107A,Iron shoes to be worn out,F1015.1,Shoes Miraculously Worn Out,0.505,0.352,2
A,I41B,Rainbow drinks water,G346.4,Evil Spirit Drinks Water Supply Dry,0.505,0.357,2
A,H14,Woman flies back to the land of the dead,E481.6.1,Land Of Dead In North,0.504,0.379,2
A,H14,Woman flies back to the land of the dead,E481.6.2,Land Of Dead In West,0.504,0.377,2
A,L55,Monster killed with hot liquid,K952,Animal (Monster) Killed From Within,0.504,0.480,2
A,B89,Owl as a king of birds,B242.1.10,Ziz As King Of Birds,0.504,0.405,2
A,B89,Owl as a king of birds,B242.1.5,Shrike As King Of Birds,0.504,0.405,2
A,A47,The Sun is born from an egg,F611.1.11,Strong Hero Born From Egg,0.503,0.467,2
A,K102a4,Wolf on the opposite bank,F1071.1,Crossing A River With Help Of A Fig Tree Whose Branches Touch The Opposite Bank,0.503,0.407,2
A,M39H,Husband pretends to become blind (The faithless wife),K1516.6,The Faithless Wife Asks Her Gullible Husband How He Would Act If He Were Blind,0.503,0.357,4
A,A2A,The sun is a source of distructive heat,A733.5,Sun Dries Out Earth With Its Heat,0.503,0.421,2
A,F26,Origin of menses: sacred objects lost,V150,Sacred Objects -- Miscellaneous,0.503,0.401,2
A,I22D,Water of immortality behind clashing rocks,H1525,Clashing Rocks Test: Hero To Pass Between Them,0.503,0.461,2
A,C6,Valuables brought from the lower world,F98.1,Trip To Lower World On Tiger,0.503,0.371,2
A,K88,The two travellers (Truth and Falsehood),D1316.6,Magic Goblet (Cup) Indicates Truth Or Falsehood,0.503,0.352,2
A,K102C,"Changing his appearance, the hero returns magic object that was stolen from him",D861.2,Magic Object Stolen By Neighbor,0.502,0.382,3
A,A2E,The Sun and the Moon are cut off heads,A736.6,Sun And Moon As Friends,0.502,0.478,2
A,I134,Long neck on the Milky Way,A778.2,Milky Way As A Road,0.501,0.415,2
A,A8A,"The Sun, the Moon and the star: released by the hero",A736.11,Contest Between Sun And Moon,0.501,0.386,2
A,I59b3,Milky Way is the way of salt traders,A778.3,Milky Way As A River,0.501,0.412,2
A,F52,Pubic hair for a bird’s crest,J1772.4.1,Pubic Hair Of Ardent Husband's Wife Thought To Be Calf's Tail By Peasant In Tree,0.501,0.381,2
A,B33d1,Days of week are (demonic) persons,N127.0.1,Different Kinds Of Luck Attending Persons Born On The Several Days Of The Week,0.500,0.392,3
A,H14,Woman flies back to the land of the dead,E481.8.3,Venus As Land Of Dead,0.500,0.375,2
B,I81B,Haribda (the origin of tides),A913,Origin Of Tides,1.000,0.646,1
B,A32D,Man in the Moon,A751.10.1,Joshua As Man In The Moon,1.000,0.480,1
B,B86,Babylonian tower,F772.2.5,Dolorous Tower,1.000,0.362,1
B,F45,The Amazons,F565.1,Amazons,1.000,0.730,1
B,H9A,Who will give birth the first,T541.15,Birth Through The Back,1.000,0.458,1
B,H11,The call of God,V201,God,1.000,0.496,1
B,H11,The call of God,A493,God Of Fire,1.000,0.496,1
B,H11,The call of God,J2499.5,"""God Is Everywhere",1.000,0.381,1
B,I20,The undeground dwarfs,F451.3.4.1,Dwarfs As Artificers,1.000,0.410,1
B,I20,The undeground dwarfs,F451.3.6,Dwarfs Are Sensitive,1.000,0.410,1
B,I20,The undeground dwarfs,F451.3.12.2,Dwarfs Are Sensible,1.000,0.410,1
B,I20,The undeground dwarfs,F451.3.10,Dwarfs Are Droll,1.000,0.410,1
B,I20,The undeground dwarfs,F451.3.16,Dwarfs Are Artful,1.000,0.410,1
B,J13,Two sisters,P252.1,Two Sisters,1.000,0.710,1
B,J13,Two sisters,P252.6,Ten Sisters,1.000,0.710,1
B,J13,Two sisters,P252.2,Three Sisters,1.000,0.710,1
B,J13,Two sisters,P252,Sisters,1.000,0.710,1
B,J13,Two sisters,P252.5,Nine Sisters,1.000,0.710,1
B,J13,Two sisters,P252.4,Eight Sisters,1.000,0.710,1
B,J22B,Two women from one,A1372.1,Why Women Are Prattlers,1.000,0.410,1
B,J22B,Two women from one,A1372.3,Why Women Are Roving,1.000,0.410,1
B,K29B,Posthole murder,S113.2,Murder By Suffocation,1.000,0.359,1
B,K54,Two giants,F531.1.10,Fire Giants,1.000,0.542,1
B,K100f1,The wild man,F567,Wild Man,1.000,0.449,1
B,L37a2,Who will become the ferryman,P413,Ferryman,1.000,0.512,1
B,L81,Demon’s fire,F493.1.2,Demon Of Colic,1.000,0.355,1
B,L134,The third wave,J1875.3,The Homesick Wave,1.000,0.451,1
B,D2,Woman gives birth to the fire,T554,Woman Gives Birth To Animal,0.958,0.569,1
B,D2,Woman gives birth to the fire,T554.10,Woman Gives Birth To A Bird,0.942,0.656,1
B,M29Z,The Beardless,F545.1.0.1,Beardless Man,0.939,0.527,1
B,M49,Man in a skin of another,A1319.14,Origin Of Man's Skin,0.932,0.446,1
B,L134,The third wave,D911.1,Magic Wave,0.929,0.432,1
B,D2,Woman gives birth to the fire,T554.7,Woman Gives Birth To A Snake,0.929,0.549,1
B,D2,Woman gives birth to the fire,T556,Woman Gives Birth To A Demon,0.916,0.628,1
B,F34,Land animal paramour,B610,Animal Paramour,0.907,0.405,1
B,E1a1,Becoming sodden under the rain (origin of cripples),A1338.1,Origin Of Cripples,0.906,0.631,1
B,D2,Woman gives birth to the fire,T554.8.1,Woman Gives Birth To Toad,0.903,0.625,1
B,A23D,Who will be the first in the calendar cycle?,A1689.7,Origin Of The Russian Calendar,0.896,0.381,1
B,M29Z,The Beardless,Z257,Beardless Hero,0.895,0.715,1
B,K65F,With which eye do you see?,D993,Magic Eye,0.887,0.426,1
B,J13,Two sisters,R157,Sisters Rescue Sisters,0.882,0.487,1
B,J22C,The double woman,K2030,Double Dealers,0.878,0.535,1
B,K60C,"Touchy with king, patient with stableman",J2489.5,"""Quieting The Patient",0.876,0.388,1
B,D13F,Laughter and fire,A489.4,God Of Laughter,0.874,0.474,1
B,C22,The drought,Q552.3.3,Drought As Punishment,0.873,0.538,1
B,D2,Woman gives birth to the fire,T555.1.1,Woman Gives Birth To Pumpkin,0.873,0.599,1
B,M191,Cat and wild animals,B845,Wild Animals Herded,0.872,0.448,1
B,D13F,Laughter and fire,A1399.1,Origin Of Laughter,0.868,0.467,1
B,C25B,A spinner in the Moon,P451,Spinner,0.867,0.412,1
B,J47B,The two ropes,F51.0.2,Four Sky-Ropes,0.865,0.372,1
B,K65c2,Man and tiger among several sons,B26,Man-Tiger,0.862,0.496,1
B,K100D,Helpful animal becomes a prince,B341,Helpful Animal's Injunctions Disobeyed,0.859,0.645,1
B,K100D,Helpful animal becomes a prince,B300,Helpful Animal,0.859,0.513,1
B,I27B,Dog as a ferryman,P413,Ferryman,0.855,0.423,1
B,M85,The fox bluffs,K1760,Other Bluffs,0.855,0.376,1
B,K103B,Cow the spinner,P451,Spinner,0.854,0.427,1
B,M197E,The unknown animal,J1736,Fools And The Unknown Animal,0.853,0.388,1
B,E9H,Dove-wife,A2426.2.8,Why Dove Coos,0.852,0.595,1
B,E9i3,Goose-wife,B712,Barnacle Goose,0.849,0.507,1
B,I22H,The pulsating precipice,H1535,Precipice Test,0.848,0.398,1
B,I87F,Suicide of the Narts,A310.4,God Of Suicide,0.848,0.446,1
B,K100H,The gratitude test,W27,Gratitude,0.843,0.388,1
B,I87F,Suicide of the Narts,M451.1,Death By Suicide,0.841,0.443,1
B,K76D,Son the hedgehog,A2426.1.4,The Hedgehog's Cry,0.838,0.460,1
B,M3,Chain of animals,F863.1,Unbreakable Chain,0.838,0.402,1
B,K47B,Dog turns into handsome man,F575.2,Handsome Man,0.837,0.489,1
B,B22A,Lads and tapir,A1889.1,Creation Of Tapir,0.837,0.508,1
B,L85A,One-sided child,F525.1,One-Sided Man,0.834,0.436,1
B,D7a,Fire and spider,A2091,Origin Of Spider,0.834,0.353,1
B,M185,On the tail of the fast one (animals),B251.5,Animals Fast,0.831,0.602,1
B,A2,Several suns,F961.1.3,Several Suns In Sky,0.830,0.534,1
B,D7,Fire and toad,A2161,Origin Of Toad,0.826,0.382,1
B,F9B,Piranha in vagina,F547.5,Extraordinary Vagina,0.824,0.552,1
B,B42I,Cassiopea is the deer,B241.2.10,King Of Deer,0.824,0.538,1
B,F91,A worm-breeder,A828.1,Earth Excreted By Worm,0.822,0.409,1
B,K58,Construction of watercause,V211.4,Construction Of The Cross,0.821,0.421,1
B,I82H,Venus’ name is Čolpan,F131.1,Mountain Of Venus,0.819,0.379,1
B,B22A,Lads and tapir,B611.8,Tapir Paramour,0.819,0.498,1
B,D9,Fire and vulture,B602.4,Marriage To Vulture,0.819,0.424,1
B,K75a2,The gardener,K1816.1,Gardener Disguise,0.817,0.546,1
B,I35A,Old woman’s thunder,F571.3,Very Old Woman,0.815,0.470,1
B,E1C,Person of excrements,D1002,Magic Excrements,0.815,0.475,1
B,D6A,Fire and crocodile,B875.2,Giant Crocodile,0.813,0.450,1
B,M106c,My name is “For the Guests”,P324.3,Guests' Life Inviolable,0.813,0.363,1
B,B42I,Cassiopea is the deer,A1875,Origin Of Deer,0.813,0.522,1
B,D9,Fire and vulture,B455.1,Helpful Vulture,0.812,0.417,1
B,H36hh,Death and the frog,A2412.5.2.1,Why Frog Is Spotty All Over,0.810,0.504,1
B,K47C,Origin of dogs,B731.6.0.1,Polychromatic Dogs,0.809,0.450,1
B,K33c2,Girl from the pomegranate,D981.12,Magic Pomegranate,0.809,0.598,1
B,D9,Fire and vulture,A1931,Creation Of Vulture,0.809,0.415,1
B,I46A,Old woman’s rainbow,F571.3,Very Old Woman,0.807,0.514,1
B,C19,Acquisition of the sun,A1436,Acquisition Of Vehicles,0.806,0.488,1
B,C19,Acquisition of the sun,A1427,Acquisition Of Spiritous Liquors,0.806,0.488,1
B,N28B,Ladder to the sky,F848.4,Ladder Of Fire,0.806,0.499,1
B,A32D,Man in the Moon,X1851,Man In Moon Lets Himself Down,0.805,0.482,1
B,L85,One-sided people,F525.1,One-Sided Man,0.805,0.436,1
B,K12A,A strained bow,F836,Extraordinary Bow,0.803,0.358,1
B,B33D,The old woman of winter,F571.3,Very Old Woman,0.802,0.373,1
B,K75a2,The gardener,K2257,Treacherous Gardener,0.799,0.531,1
B,A32I,A shepherd in the moon,P412,Shepherd,0.799,0.389,1
B,D6A,Fire and crocodile,G354.2,Crocodile As Ogre,0.798,0.444,1
B,J22E,Placenta person,A1313.5,Origin Of Placenta,0.797,0.686,1
B,I13C,Snake’s crown,F828.2,Crown Of Fire,0.797,0.506,1
B,D9,Fire and vulture,B211.3.8,Speaking Vulture,0.796,0.408,1
B,I38,The dog-heads,V1.10.2,Cult Of Heads,0.795,0.519,1
B,F91,A worm-breeder,B491.4,Helpful Worm,0.793,0.388,1
B,D6A,Fire and crocodile,B604.3,Marriage To Crocodile,0.792,0.439,1
B,B42N,Orion is one person,A772,Origin Of Orion,0.791,0.519,1
B,I120,Cornucopia,B115.1,Ear-Cornucopia,0.791,0.455,1
B,I50C,Šarabkha (animal with legs on its back),A2371.1,Origin Of Animal's Legs,0.790,0.517,1
B,C31,The wise hedgehog (cosmology),A2426.1.4,The Hedgehog's Cry,0.790,0.513,1
B,I103,The dog star,D1314.13.1,Star Of Bethlehem,0.789,0.571,1
B,A19c1,The sun cart,D1112,Magic Cart,0.789,0.388,1
B,E38A,Woman gives birth to many embryos,T554,Woman Gives Birth To Animal,0.789,0.418,1
B,M7B,The last one is chosen,V317,The Chosen People,0.788,0.368,1
B,K64,Escape from Polyphemos’ cave,K607.1,The Cave Call,0.786,0.353,1
B,F56A,Shavings into the fire,D475.1.2,Transformation: Shavings To Gold,0.786,0.371,1
B,K14c1,Treasure in pomegranate,D981.12,Magic Pomegranate,0.785,0.513,1
B,F9F,Asmodeus,F402.2.1,King Of Demons (Asmodeus),0.785,0.480,1
B,B15,River from woman’s body,F891.1,Woman's Body Used As Still,0.784,0.370,1
B,D6A,Fire and crocodile,B491.3,Helpful Crocodile,0.784,0.430,1
B,H52,The land of immortality,D1850,Immortality,0.784,0.371,1
B,I35B,The bronze sky,F521.3.1,Man Of Bronze,0.783,0.602,1
B,F9B,Piranha in vagina,F547.5.3,Eye In Vagina,0.782,0.529,1
B,D6A,Fire and crocodile,A2146,Creation Of Crocodile,0.781,0.427,1
B,K100D,Helpful animal becomes a prince,B312.3,Helpful Animal(S) Bequeathed To Hero,0.780,0.485,1
B,M66,Itch after artichoke eating,A1337.5,Origin Of Itch,0.779,0.539,1
B,N39,The three-ply rope,F843,Extraordinary Rope,0.779,0.465,1
B,M182A,Wild animals stick to horse,B845,Wild Animals Herded,0.778,0.489,1
B,I87F,Suicide of the Narts,Q211.5,Suicide Punished,0.778,0.413,1
B,F40A,Husband of the first women,A1372.3,Why Women Are Roving,0.777,0.502,1
B,F40A,Husband of the first women,A1372.1,Why Women Are Prattlers,0.777,0.502,1
B,E38A,Woman gives birth to many embryos,T554.10,Woman Gives Birth To A Bird,0.776,0.481,1
B,I2,Lightning from eyes,A1141.7,Lightning From Fire,0.775,0.454,1
B,H28B,Mosquitoes from animal hair,F521.1.1,Woman With Animal Hair,0.772,0.377,1
B,M197E,The unknown animal,H1383,Quest For Unknown Animal,0.772,0.351,1
B,H6D,The lost immortality,D1850,Immortality,0.771,0.356,1
B,F91,A worm-breeder,A13.4.2,Worm As Creator,0.771,0.377,1
B,I111,The earth is a reptile,B176,Magic Reptile,0.770,0.607,1
B,I7A,The lightning- serpent,A1141.7,Lightning From Fire,0.769,0.677,1
B,F91,A worm-breeder,E618,Reincarnation As Worm,0.769,0.373,1
B,F18D,Long clitoris,A1313.2.1,Origin Of Clitoris,0.768,0.629,1
B,A32D,Man in the Moon,A751.4,Man In The Moon: Tarring Of The Moon,0.766,0.577,1
B,D7,Fire and toad,B493.2,Helpful Toad,0.766,0.355,1
B,B100,The acquisition of the sleep,A1436,Acquisition Of Vehicles,0.766,0.412,1
B,B100,The acquisition of the sleep,A1427,Acquisition Of Spiritous Liquors,0.766,0.412,1
B,L85B,Woman gives birth to disfigured child,T554,Woman Gives Birth To Animal,0.766,0.414,1
B,J34,Frightened grandmother,P292,Grandmother,0.765,0.471,1
B,K30,Flying enemy abducts woman,A753.1.1,Moon Abducts Woman,0.765,0.566,1
B,E38A,Woman gives birth to many embryos,T554.7,Woman Gives Birth To A Snake,0.765,0.403,1
B,N7,Three apples,F842.1.3,Bridge Of Apples,0.764,0.358,1
B,B62,Buzzard husband,A2435.4.5,Food Of Buzzard,0.761,0.397,1
B,F9B,Piranha in vagina,F547.5.5,Vagina As Bag,0.761,0.519,1
B,J22A,Two men from one,F911.1,Men Swallow Men,0.760,0.481,1
B,M92,Red eyelashes,A1315.6,Origin Of Eyelashes,0.760,0.573,1
B,D6A,Fire and crocodile,E614.3,Reincarnation As Crocodile,0.759,0.413,1
B,E1C,Person of excrements,A2385,Excrements Of Animals,0.759,0.448,1
B,D6A,Fire and crocodile,B613.2,Crocodile Paramour,0.759,0.417,1
B,K33c4,Girl from the vegetables,A2686,Origin Of Vegetables,0.759,0.448,1
B,I108,The Pleiades are a person,A773,Origin Of The Pleiades,0.757,0.655,1
B,K19E,Wolverine under a tree,A2435.3.5,Food Of Wolverine,0.756,0.419,1
B,J58,The arrow ladder,F848.4,Ladder Of Fire,0.755,0.368,1
B,G4,A food mountain,F759.4,Perfumed Mountain,0.755,0.434,1
B,G4,A food mountain,F759.7,Rocky Mountain,0.755,0.434,1
B,K56a8a,Kind girl returns with a handsome man,F575.2,Handsome Man,0.755,0.373,1
B,B1,Two male creators,A2.1,Three Creators,0.754,0.450,1
B,E38A,Woman gives birth to many embryos,T556,Woman Gives Birth To A Demon,0.754,0.461,1
B,E36A,Nails as a priviledged part of the body,D1252.1.2,Magic Nails,0.754,0.363,1
B,L85B,Woman gives birth to disfigured child,T554.10,Woman Gives Birth To A Bird,0.753,0.477,1
B,L81a1,Red bead in the hearth,D1147,Magic Hearth,0.753,0.545,1
B,M198B,The pretended astrologer,P481,Astrologer,0.752,0.414,1
B,K52B,Broken adze,A1446.4,Origin Of The Adze,0.752,0.551,1
B,F91,A worm-breeder,A2332.6.4,Why Worm Is Blind,0.751,0.372,1
B,I37D,Mushrooms are excrements,A2794.1,Why Mushrooms Are Slimy,0.751,0.676,1
B,D9,Fire and vulture,B291.1.8,Vulture As Messenger,0.751,0.388,1
B,N16,The ice horse,X1737.1.1,Man Under The Ice,0.746,0.353,1
B,A32D,Man in the Moon,A751.10.2,Jacob As Man In The Moon,0.746,0.499,1
B,M157a3,To milk a bull,B297.0.1,Bull Lows Musically,0.746,0.388,1
B,K6,Vine from body excretions,A433.3,God Of The Vine,0.746,0.414,1
B,L9F,Golden nose,P522.1.1,A Nose For A Nose,0.745,0.419,1
B,M29Z,The Beardless,K2275,Beardless Villain,0.743,0.591,1
B,E37,Peoples from sticks,F566,Celibate Peoples,0.743,0.478,1
B,E38A,Woman gives birth to many embryos,T554.8.1,Woman Gives Birth To Toad,0.743,0.459,1
B,L85B,Woman gives birth to disfigured child,T554.7,Woman Gives Birth To A Snake,0.742,0.400,1
B,L1c2,Hidden under the hearth,D1147,Magic Hearth,0.742,0.502,1
B,F18D,Long clitoris,F547.4,Extraordinary Clitoris,0.742,0.608,1
B,K100D,Helpful animal becomes a prince,B320,Reward Of Helpful Animal,0.742,0.461,1
B,D7,Fire and toad,B284.2,Wedding Of Toad,0.741,0.350,1
B,K124,There was a greater wonder!,F110.1,Wonder Voyages,0.741,0.545,1
B,K77b2,The goat's weapons,P553,Weapons,0.739,0.392,1
B,B116,The first book eaten up,F883.1.5,Book Made Of Sapphires,0.739,0.459,1
B,E9i1,Swan-wife,A1981,Origin Of Swan,0.738,0.442,1
B,M70A,Old woman is pierced through,F571.3,Very Old Woman,0.737,0.423,1
B,L64,Removable head,F541.11,Removable Eyes,0.736,0.539,1
B,K96,Fifty sons,A7.1,Creator Has Two Sons,0.736,0.352,1
B,K19E,Wolverine under a tree,A2455.5,Why Wolverine Is A Thief,0.735,0.406,1
B,H36B,Death and the chameleon,A2148.1,Creation Of Chameleon,0.733,0.448,1
B,L85B,Woman gives birth to disfigured child,T556,Woman Gives Birth To A Demon,0.732,0.457,1
B,K33c2,Girl from the pomegranate,F813.8,Extraordinary Pomegranate,0.731,0.541,1
B,C33B,The primordial stillness,A1414.6,Bird As Guardian Of Primordial Fire,0.731,0.594,1
B,K27z4,The trained animal of the gambler,K366,Theft By Trickster's Trained Animal,0.730,0.419,1
B,F9B,Piranha in vagina,F547.5.2,Enormous Vagina,0.729,0.499,1
B,K65c2,Man and tiger among several sons,D112.2,Transformation: Man To Tiger,0.728,0.427,1
B,K33c2,Girl from the pomegranate,E711.2.4,Soul In Pomegranate,0.728,0.541,1
B,K33c4,Girl from the vegetables,F816,Extraordinary Vegetables,0.728,0.430,1
B,E31B,Rescuers of a man,R168,Angels As Rescuers,0.727,0.354,1
B,A32M,The Gypsy Sun,K1817.5,Disguise As Gypsy,0.727,0.572,1
B,L33,Rolling stone,D561.1,Transformation By Rolling,0.726,0.415,1
B,F9B,Piranha in vagina,F547.5.6,Vagina In Forehead,0.726,0.487,1
B,A34,The fox and the Moon,A2525.3,Why Fox Is Sly,0.726,0.373,1
B,E1C,Person of excrements,D1454.5,Treasure From Excrements,0.726,0.423,1
B,M29qq,Trickster is an anteater,A1896,Creation Of Anteater,0.726,0.472,1
B,K76G,Son the crab,B178.1,Magic Crab,0.725,0.469,1
B,L11,Turtle-bench,D1151.1,Magic Bench,0.724,0.423,1
B,B42I,Cassiopea is the deer,E612.5,Reincarnation As Deer,0.723,0.462,1
B,K76c1,Woman gives birth to a gourd,T554,Woman Gives Birth To Animal,0.723,0.473,1
B,B42I,Cassiopea is the deer,B611.5,Deer Paramour,0.723,0.467,1
B,B115,Evergreen trees,A2765,Why Leaves Are Evergreen,0.721,0.576,1
B,L5F,Helpful skull,D992.4,Magic Skull,0.721,0.389,1
B,L85B,Woman gives birth to disfigured child,T554.8.1,Woman Gives Birth To Toad,0.721,0.454,1
B,M29X1,Trickster is a badger,B433.2,Helpful Badger,0.721,0.461,1
B,B7A,The spit out water,B742.2,Birds Spit Fire,0.721,0.407,1
B,A36A,The immortal Sun,B843,Immortal Animals,0.720,0.479,1
B,H36J,Death and the lark,B451.1,Helpful Lark,0.720,0.518,1
B,E38A,Woman gives birth to many embryos,T555.1.1,Woman Gives Birth To Pumpkin,0.718,0.440,1
B,K61B,To get know names,A1667.1,Why Europeans Know More Than Natives,0.717,0.471,1
B,I88,Animal with many tails,G219.8.1,Witch With Fifteen Tails,0.717,0.677,1
B,H36J,Death and the lark,A1911,Creation Of Lark,0.717,0.515,1
B,K2,The destroyed ladder,F848.4,Ladder Of Fire,0.716,0.374,1
B,F88,Odor of women,G303.4.8.1,Devil Has Sulphurous Odor,0.715,0.449,1
B,E9i1,Swan-wife,F234.1.15.1,Fairy As Swan,0.715,0.428,1
B,F58,Trickster and women,A1372.1,Why Women Are Prattlers,0.715,0.396,1
B,F58,Trickster and women,A1372.3,Why Women Are Roving,0.715,0.396,1
B,E9G,Vulture-wife,B602.4,Marriage To Vulture,0.714,0.646,1
B,L58,Avaricious man,F343.4,Fairies Give Avaricious Man Gift Of Benevolence,0.714,0.452,1
B,K61a1,Two heads in one bag,V1.10.2,Cult Of Heads,0.713,0.405,1
B,L91,Long serpent,B91.2,Plumed Serpent,0.713,0.383,1
B,M185,On the tail of the fast one (animals),A2378.1,Why Animals Have Tail,0.712,0.367,1
B,A32M,The Gypsy Sun,K2261.1,Treacherous Gypsy,0.712,0.555,1
B,L81a1,Red bead in the hearth,A411.4,Hearth-God,0.712,0.518,1
B,K56d1,Treasure in a pumpkin,A2687.4,Origin Of Pumpkin,0.711,0.506,1
B,D2,Woman gives birth to the fire,T554.11,Supernaturally Impregnated Woman Gives Birth To Dragon,0.711,0.551,1
B,K76c1,Woman gives birth to a gourd,T554.10,Woman Gives Birth To A Bird,0.711,0.545,1
B,A36,The immortal Moon,B843,Immortal Animals,0.711,0.383,1
B,J59A,Flight after the arrow,A2442.2.4,Bluejay's Flight,0.710,0.375,1
B,K14c1,Treasure in pomegranate,F813.8,Extraordinary Pomegranate,0.710,0.464,1
B,M78A,Tail-boy,A2378.2.5,Why Hydrax Has No Tail,0.710,0.405,1
B,M42A,Eyes of berries,A2687.3,Origin Of Berries,0.710,0.427,1
B,E9G,Vulture-wife,B455.1,Helpful Vulture,0.708,0.635,1
B,M118B,Repository inside a cow,A1414.7,Repository Of Fire,0.708,0.577,1
B,I50C,Šarabkha (animal with legs on its back),A2371.2,Shape Of Animal's Legs,0.708,0.522,1
B,B42h2,Reddish star is the arrow,D1314.13.1,Star Of Bethlehem,0.708,0.467,1
B,M29X1,Trickster is a badger,D315.3,Transformation: Badger To Person,0.707,0.411,1
B,K14c1,Treasure in pomegranate,E711.2.4,Soul In Pomegranate,0.707,0.463,1
B,D6A,Fire and crocodile,B16.5.2,Devastating Crocodile,0.707,0.384,1
B,F9B,Piranha in vagina,F547.5.4,Double Vagina,0.707,0.483,1
B,A36A,The immortal Sun,B37,Immortal Bird,0.706,0.469,1
B,M197E,The unknown animal,J1736.3,Unknown Animal: A Pig Captured In A Pit,0.706,0.370,1
B,A36A,The immortal Sun,B184.1.8,Immortal Horse,0.706,0.468,1
B,B42I,Cassiopea is the deer,E423.2.6,Revenant As Deer,0.706,0.451,1
B,D9,Fire and vulture,D152.3,Transformation: Man To Vulture,0.706,0.364,1
B,E9G,Vulture-wife,A1931,Creation Of Vulture,0.705,0.632,1
B,F81,Bride in a river,D915.4.1,Sabbatical River,0.705,0.400,1
B,I83,The sky of birds,A2434.1.1,Why Birds Are Everywhere,0.705,0.468,1
B,B85A,Wind regulated,A282.0.2,Wind-Angel,0.705,0.372,1
B,D9,Fire and vulture,A2317.7,Why Vulture Is Bald,0.704,0.364,1
B,K17,The ornitomorphic suitor,B621.3,Tiger As Suitor,0.703,0.383,1
B,E1C,Person of excrements,D1610.6.4,Speaking Excrements,0.703,0.407,1
B,F75,A siren and a tapir,B53,Siren,0.703,0.364,1
B,K76D,Son the hedgehog,G211.2.9,Witch As Hedgehog,0.703,0.383,1
B,M29Y,Trickster is a wren,A2435.4.11,Food Of Wren,0.703,0.428,1
B,E9i2,Duck-wife,G353.3,Duck As Ogre,0.702,0.519,1
B,L1c2,Hidden under the hearth,A411.4,Hearth-God,0.702,0.478,1
B,I71,Stars are roots,D967,Magic Roots,0.702,0.401,1
B,E9i5,Snail-wife,A2411.5.3,Color Of Snail,0.702,0.545,1
B,M29E,Trickster-skunk,A2411.1.2.4,Color Of Skunk,0.702,0.452,1
B,K17,The ornitomorphic suitor,B621.1,Bear As Suitor,0.702,0.394,1
B,K76C,Child the gourd,F813.5,Extraordinary Gourd,0.702,0.423,1
B,M29C,Trickster-jay,A1921,Creation Of Jay,0.702,0.438,1
B,F64B,Incestuous woman,A1273.1,Incestuous First Parents,0.702,0.393,1
B,C32,Ship made of nails,D1252.1.2,Magic Nails,0.701,0.501,1
B,I120,Cornucopia,B115.2,Wing-Cornucopia,0.701,0.419,1
B,E9i5,Snail-wife,D398,Transformation: Snail To Person,0.701,0.488,1
B,K100D,Helpful animal becomes a prince,B310,Acquisition Of Helpful Animal,0.701,0.525,1
B,D13F,Laughter and fire,D1273.1.1.4,Three Meditations On Death Which Prevent Laughter,0.699,0.383,1
B,B16A,Sea from the urine,D562.2,Transformation By Urine,0.698,0.601,1
B,M134,A tower of wolves,F772.2.5,Dolorous Tower,0.698,0.472,1
B,K33c4,Girl from the vegetables,X1420,Lies About Vegetables,0.698,0.418,1
B,A36A,The immortal Sun,F259.1.4,Fairies Immortal,0.697,0.454,1
B,L85B,Woman gives birth to disfigured child,T555.1.1,Woman Gives Birth To Pumpkin,0.697,0.436,1
B,A36,The immortal Moon,B37,Immortal Bird,0.697,0.375,1
B,K76C,Child the gourd,T117.7,Marriage To A Gourd,0.697,0.425,1
B,C6E,The diver is a crustacean,B178,Magic Crustacean,0.697,0.594,1
B,A36,The immortal Moon,B184.1.8,Immortal Horse,0.697,0.374,1
B,C33A,The restored chain,F863.1,Unbreakable Chain,0.697,0.409,1
B,M29D,Trickster-mink,A2411.1.2.5,Color Of Mink,0.696,0.446,1
B,I107,Stars are nails,D1252.1.2,Magic Nails,0.696,0.517,1
B,A32C,A man and a dog in the Moon,B25,Man-Dog,0.696,0.452,1
B,I87,Skull as a cave,K607.1,The Cave Call,0.696,0.361,1
B,K38f5,Fire-breathing horse,F401.7,Fire-Breathing Spirit,0.695,0.448,1
B,G17,Gift of a reptile,B176,Magic Reptile,0.695,0.423,1
B,E9G,Vulture-wife,B211.3.8,Speaking Vulture,0.694,0.622,1
B,M90C,Ladder instead of wife,F848.4,Ladder Of Fire,0.694,0.455,1
B,K75B,Three melons from the three daughters,A2687.2,Origin Of Melons,0.693,0.420,1
B,E38C,First people are dumb,L124,Dumb Hero,0.692,0.464,1
B,E9i4,Crane-wife,B602.5,Marriage To Crane,0.692,0.454,1
B,D13F,Laughter and fire,J1784.1,Laughter Of Boy Thought To Be Spirits' Laughter,0.692,0.539,1
B,I121,Twin constellations,A766,Origin Of Constellations,0.692,0.508,1
B,E9i1,Swan-wife,B469.2,Helpful Swan,0.691,0.415,1
B,B45B,The bull of cold,B297.0.1,Bull Lows Musically,0.691,0.481,1
B,M29C,Trickster-jay,A2411.2.1.8,Color Of Jay,0.691,0.431,1
B,K76c1,Woman gives birth to a gourd,T556,Woman Gives Birth To A Demon,0.691,0.522,1
B,B26,Human person joins the wild animals,B845,Wild Animals Herded,0.691,0.473,1
B,N10A,The transparent bones,F809.7,Transparent Stone,0.689,0.419,1
B,B36C,Fat animals,C221.3.4.1,Tabu: Eating Fat Of Animals,0.689,0.455,1
B,K27ss,To win a race with an (old) woman,F571.3,Very Old Woman,0.689,0.511,1
B,A36,The immortal Moon,F259.1.4,Fairies Immortal,0.689,0.364,1
B,B44C,Should warmth and light exist?,F437,Spirit Of Warmth,0.688,0.376,1
B,B116d,The “book” as a part of the stomach,F883.1.5,Book Made Of Sapphires,0.688,0.633,1
B,K27zz,The witch and the blinded queens,P20,Queens,0.688,0.355,1
B,I81a1,The crab and the serpent,B178.1,Magic Crab,0.688,0.430,1
B,B85A,Wind regulated,A1129.3,Wind Is Blind,0.686,0.366,1
B,K184,When the forest will get in motion,A1118,Origin Of Swirling Motion Of Water,0.686,0.362,1
B,I111,The earth is a reptile,G354,Reptile As Ogre,0.686,0.546,1
B,D2,Woman gives birth to the fire,A1234.4,Earth Gives Birth To Woman,0.616,0.686,1
B,D13H,The dead should not laugh,F451.6.6,Dwarfs Laugh,0.686,0.401,1
B,E9i4,Crane-wife,B463.3,Helpful Crane,0.686,0.444,1
B,M66A,A hill of excrements,D1002,Magic Excrements,0.685,0.524,1
B,H36gg,Death and the coyote,A2332.5.1,Why Coyote Has Yellowish Eyes,0.685,0.488,1
B,A2D,Suns of the other worlds,A651.3,Worlds Above And Below,0.684,0.418,1
B,A2D,Suns of the other worlds,A651.0.1,Nine Worlds,0.684,0.418,1
B,K29A,Surviving in a fire,D2161.5.6,Cure By Surviving Twin,0.684,0.362,1
B,C6c2,The punished loon,A2411.2.6.1,Color Of Loon,0.684,0.393,1
B,I13C,Snake’s crown,A156.2,God's Crown,0.683,0.436,1
B,D4C,Acquisition of summer,A1436,Acquisition Of Vehicles,0.683,0.546,1
B,D4C,Acquisition of summer,A1427,Acquisition Of Spiritous Liquors,0.683,0.546,1
B,M8C,Eyes cleared out,D1641.4,Forest Cleared By Magic,0.683,0.375,1
B,E9i4,Crane-wife,A1992,Creation Of Crane,0.682,0.442,1
B,E9H,Dove-wife,A2497.1,Monogamous Life Of Dove,0.682,0.480,1
B,G11,Squirrel the woodcutter,L113.5,Woodcutter Hero,0.682,0.506,1
B,I35A,Old woman’s thunder,K2293,Treacherous Old Woman,0.681,0.400,1
B,M29Y,Trickster is a wren,B451.3,Helpful Wren,0.681,0.407,1
B,K76c1,Woman gives birth to a gourd,T554.8.1,Woman Gives Birth To Toad,0.681,0.519,1
B,N10B,The transparent neck,F809.7,Transparent Stone,0.681,0.447,1
B,C19,Acquisition of the sun,A1429.3,Acquisition Of Water,0.680,0.419,1
B,K38f5,Fire-breathing horse,B11.2.11,Fire-Breathing Dragon,0.680,0.440,1
B,F9B,Piranha in vagina,F547.5.8,Saw In Vagina,0.679,0.474,1
B,M90a6,Apples of immortality,D1850,Immortality,0.679,0.549,1
B,K65c2,Man and tiger among several sons,A2281.1.1,Cat Garbles Message From Man To Tiger: Enmity Between Man And Tiger,0.679,0.384,1
B,H36C,Death and the lizard,G354.3,Lizard As Ogre,0.679,0.385,1
B,L81a1,Red bead in the hearth,F893,Extraordinary Hearth,0.678,0.489,1
B,E9H,Dove-wife,C221.1.2.3,Eating Dove,0.678,0.473,1
B,K76C,Child the gourd,D1610.3.1,Speaking Gourd,0.677,0.408,1
B,E9i3,Goose-wife,E524.1,Ghost Of Goose,0.677,0.377,1
B,K102a3,The tooth of death,F513.1.1,Three Women Have But One Tooth Among Them,0.677,0.363,1
B,E8A,People from the fruits,A2687,Origin Of Fruits,0.676,0.432,1
B,H52B,The search of immortality,D1850,Immortality,0.676,0.369,1
B,B98,The bat between birds and animals,A1101.2.3,Formerly Men Dumb: Birds And Animals Talked,0.676,0.356,1
B,M94b1,Wolf under the mill wheel,A137.3,God With Wheel,0.676,0.457,1
B,E9i1,Swan-wife,A2411.2.6.2,Color Of Swan,0.676,0.405,1
B,E9i2,Duck-wife,A2411.2.6.4,Color Of Duck,0.676,0.490,1
B,I95C,Orion is a staff,A772,Origin Of Orion,0.676,0.589,1
B,I111,The earth is a reptile,B491,Helpful Reptile,0.675,0.530,1
B,H36gg,Death and the coyote,A2411.1.3.2,Color Of Coyote,0.675,0.473,1
B,M39a2d,Planting of meat,A2602,Planting The Earth,0.675,0.502,1
B,I46A,Old woman’s rainbow,K2293,Treacherous Old Woman,0.674,0.437,1
B,H36C,Death and the lizard,B604.4,Marriage To Lizard,0.674,0.380,1
B,K56a5d,Conversation with the Frost,A289.1,Frost-God,0.673,0.414,1
B,M29R,Trickster is a porcupine,A1858,Creation Of Porcupine,0.672,0.412,1
B,F79,Animal wives,T145.6,Polygamist Must Love All His Wives,0.672,0.404,1
B,H7f2,Death becomes invisible,A102.9,Invisible God,0.672,0.463,1
B,H7f2,Death becomes invisible,G303.4.8.13,Devil Invisible,0.672,0.463,1
B,H36E,Death and the rat,A2435.3.10,Food Of Rat,0.672,0.470,1
B,K119A,The ungrateful master,T261,The Ungrateful Wife,0.671,0.418,1
B,E9F,Parrot-wife,B602.7,Marriage To Parrot,0.671,0.413,1
B,E9i2,Duck-wife,E613.1,Reincarnation As Duck,0.671,0.483,1
B,E38B,People from gourd,F813.5,Extraordinary Gourd,0.671,0.386,1
B,K17,The ornitomorphic suitor,B623.5,Cock As Suitor,0.670,0.367,1
B,L17B,Two faces,N111.2.2,Fortuna With Two Faces,0.670,0.464,1
B,E9H,Dove-wife,B457.1,Helpful Dove,0.670,0.464,1
B,K23,Battle with birds,A2434.1.1,Why Birds Are Everywhere,0.669,0.421,1
B,I55A,Stars are lakes,A920.1,Origin Of Lakes,0.669,0.374,1
B,E9i3,Goose-wife,B602.6,Marriage To Goose,0.669,0.481,1
B,K56a5d,Conversation with the Frost,A1135.3,Origin Of Frost,0.669,0.408,1
B,K33c8,Girl from the nut,F813.3,Extraordinary Nut,0.669,0.446,1
B,L1c2,Hidden under the hearth,F893,Extraordinary Hearth,0.668,0.451,1
B,K27K,Diving contest,K1051.3,Diving To Become Strong,0.668,0.493,1
B,K76C,Child the gourd,F841.1.12,Boat From Gourd,0.668,0.405,1
B,K104,A red swan,A1981,Origin Of Swan,0.668,0.424,1
B,B5A,Two creators: a dialogue,A2.1,Three Creators,0.668,0.445,1
B,H36C,Death and the lizard,B491.2,Helpful Lizard,0.667,0.372,1
B,I27C,The four-eyed dog,G213.1,One-Eyed Witch,0.667,0.377,1
B,E9H,Dove-wife,A1948,Creation Of Dove,0.667,0.461,1
B,E38B,People from gourd,T117.7,Marriage To A Gourd,0.666,0.388,1
B,M198B,The pretended astrologer,G303.3.1.22,Devil As Astrologer,0.665,0.426,1
B,I88,Animal with many tails,F518,Persons With Tails,0.665,0.624,1
B,E9i4,Crane-wife,E613.9.1,Reincarnation As Crane,0.665,0.427,1
B,H34F,Walking baskets,A1446.5.5,Origin Of Baskets,0.665,0.640,1
B,K27u2,News from the tumbleweed,J2516.3.5,"To Tell Nothing Else Than ""Very Good News",0.665,0.363,1
B,H36C,Death and the lizard,A2148,Creation Of Lizard,0.664,0.370,1
B,I7,The cloud serpent,D2147.3,A Cloud Evoked By A Saint,0.664,0.480,1
B,F1,First woman is a transformed man,F531.6.1.2,Giant Is Transformed Man,0.664,0.393,1
B,K38f5,Fire-breathing horse,B742.4,Fire-Breathing Dogs,0.663,0.432,1
B,K17,The ornitomorphic suitor,B623.4,Crow As Suitor,0.663,0.364,1
B,I28,Animals in the underworld,A300.1,Goddess Of Underworld,0.662,0.367,1
B,C31,The wise hedgehog (cosmology),G211.2.9,Witch As Hedgehog,0.662,0.428,1
B,I111,The earth is a reptile,B211.6,Speaking Reptile,0.662,0.518,1
B,E9i1,Swan-wife,B811.5,Sacred Swan,0.662,0.395,1
B,E9F,Parrot-wife,A1994,Creation Of Parrot,0.661,0.403,1
B,I123,Altair is the Sun’s messenger,B291.4,Other Animals As Messenger,0.661,0.390,1
B,A31,The incestuous Moon,A1273.1,Incestuous First Parents,0.661,0.375,1
B,I50C,Šarabkha (animal with legs on its back),A2371,Origin And Nature Of Animal's Legs,0.661,0.446,1
B,L64,Removable head,F547.5.1,Removable Vagina,0.660,0.484,1
B,L64,Removable head,F557,Removable Organs,0.660,0.480,1
B,I3A,Lightning is a whip,A1141.7,Lightning From Fire,0.659,0.428,1
B,A32D,Man in the Moon,A751.10,Particular Individual Is Man In The Moon,0.659,0.397,1
B,K27u2,News from the tumbleweed,P431.1,Merchants As Spreaders Of News,0.659,0.471,1
B,K100D,Helpful animal becomes a prince,B312.4,Helpful Animal Purchased,0.659,0.492,1
B,L15B,To kill with a reed,D431.7,Transformation: Reed To Person,0.658,0.559,1
B,D1a4,The chat of two fires,A761.4,Stars As Fires In The Hearths Of Ghosts,0.658,0.555,0
B,K76c1,Woman gives birth to a gourd,T555.1.1,Woman Gives Birth To Pumpkin,0.658,0.498,1
B,M29nn,Trickster is a ground squirrel,A2426.1.2,Cry Of Squirrel,0.658,0.366,1
B,I111,The earth is a reptile,A13.4,Reptile As Creator,0.658,0.516,1
B,K100D,Helpful animal becomes a prince,D659.4,Transformation To Act As Helpful Animal,0.658,0.458,1
B,E9i1,Swan-wife,E423.3.2,Revenant As Swan,0.658,0.392,1
B,E9i2,Duck-wife,E423.3.10,Revenant As Duck,0.658,0.473,1
B,K17,The ornitomorphic suitor,B621.6,Pig As Suitor,0.657,0.363,1
B,J52B,Hare-woman or hare-children as heros,B871.2.8,Giant Hare,0.657,0.404,1
B,A39A,Twelve months,A1160,Determination Of The Months,0.657,0.432,1
B,H36hh,Death and the frog,A2162,Origin Of Frog,0.657,0.404,1
B,K181A,To put the arm on the back of a horse,T541.6,Birth From An Arm,0.657,0.387,1
B,I111,The earth is a reptile,B123,Wise Reptile,0.657,0.517,1
B,I111,The earth is a reptile,E614,Reincarnation As Reptile,0.656,0.511,1
B,K85E,The sea horses,F711.2.4,Sea Of Slime,0.656,0.361,1
B,I111,The earth is a reptile,B613,Reptile Paramour,0.656,0.516,1
B,K27K,Diving contest,K1051.2,Diving For Clothes,0.656,0.384,1
B,I35A,Old woman’s thunder,J1809.1,Old Woman's Sneeze Mistaken For Gunfire,0.656,0.363,1
B,E9H,Dove-wife,F855.3.3,Golden Dove,0.656,0.458,1
B,L78,Toad-jaguar,A2435.3.16,Food Of Jaguar,0.656,0.509,1
B,I87,Skull as a cave,D992.4,Magic Skull,0.655,0.394,1
B,K27M,To get an animal of unusual color,B15.7.10,Animal Unusual As To Skin,0.655,0.450,1
B,H36gg,Death and the coyote,A2494.12.4,Enmity Between Coyote And Meadowlark,0.655,0.457,1
B,M29F,Wolverine is a failure,A2435.3.5,Food Of Wolverine,0.655,0.468,1
B,E9H,Dove-wife,B211.3.5,Speaking Dove,0.655,0.453,1
B,E9G,Vulture-wife,B291.1.8,Vulture As Messenger,0.655,0.591,1
B,A36A,The immortal Sun,B19.3.1,Immortal Horses,0.654,0.431,1
B,B16A,Sea from the urine,F559.8,Extraordinary Urine,0.654,0.425,1
B,M201,The oak and the mushroom,A2686.1,Origin Of Mushroom,0.652,0.437,1
B,M150,The deceitful herdsman`,A1372.5,Why Women Are Deceitful,0.652,0.545,1
B,I35A,Old woman’s thunder,R39.2,Abduction By Old Woman,0.652,0.471,1
B,D1a4,The chat of two fires,F882.2,Multicolored Fires,0.652,0.540,0
B,L115,Perfect gentleman,A102.12,Perfect God,0.652,0.397,1
B,H36E,Death and the rat,B601.3,Marriage To Rat,0.652,0.451,1
B,I13C,Snake’s crown,A731.2,Crown Of The Sun,0.651,0.415,1
B,I7A,The lightning- serpent,A285,God Of Lightning,0.651,0.426,1
B,K38f4,Fire-breathing monster,F401.7,Fire-Breathing Spirit,0.650,0.429,1
B,J58C,Bridge of arrows,A157.2,God's Arrows,0.650,0.428,1
B,L9E,Copper nose,P522.1.1,A Nose For A Nose,0.650,0.465,1
B,L81a1,Red bead in the hearth,V232.9,Angel Cleans Hearth,0.650,0.352,1
B,E9F,Parrot-wife,B211.3.4,Speaking Parrot,0.650,0.396,1
B,J22E,Placenta person,T584.6,After-Birth (Placenta) Becomes A Demon,0.650,0.575,1
B,K27M,To get an animal of unusual color,B15.3,Animal Unusual As To His Horns,0.649,0.438,1
B,A33,The sun ram,B211.1.1.1,Speaking Ram,0.649,0.406,1
B,E9i1,Swan-wife,B752.1,Swan Song,0.649,0.384,1
B,I81a1,The crab and the serpent,B91.2,Plumed Serpent,0.649,0.409,1
B,K76D,Son the hedgehog,E423.2.4,Revenant As Hedgehog,0.649,0.351,1
B,E9H,Dove-wife,E613.6,Reincarnation As Dove,0.649,0.446,1
B,E9F,Parrot-wife,A2411.2.6.11,Color Of Parrot,0.648,0.395,1
B,E9i3,Goose-wife,B102.1.3,Golden Goose,0.648,0.464,1
B,I46E,Rainbow sword,F833.9,Disappearing Sword,0.648,0.544,1
B,E9L,Mouse-wife,A2435.3.7,Food Of Mouse,0.648,0.549,1
B,F31,The snake egg,B765.16,Snake Has Stinger,0.648,0.422,1
B,E9i3,Goose-wife,B211.3.3,Speaking Goose,0.648,0.459,1
B,K33F,Basin of honey and basin of oil,D1413.7,Basin To Which One Sticks,0.648,0.427,1
B,I6,Weather birds,A1135,Origin Of Wintry Weather,0.647,0.362,1
B,I77,The lame thunder,A128.5,Lame God,0.647,0.441,1
B,E38B,People from gourd,D1610.3.1,Speaking Gourd,0.647,0.373,1
B,K38f3,The ambush from a pit,K914,Murder From Ambush,0.647,0.359,1
B,M195,Two horses: which is older?,D56.1,Transformation To Older Person,0.647,0.452,1
B,A36A,The immortal Sun,N819.1,Immortal As Helper,0.647,0.426,1
B,K104,A red swan,F234.1.15.1,Fairy As Swan,0.647,0.411,1
B,H36C,Death and the lizard,E614.2,Reincarnation As Lizard,0.647,0.358,1
B,I56,Ghosts do not see people from earth,E499.2,Orchestra Of Ghosts,0.647,0.358,1
B,L37b1,Toad under a stone,A2161,Origin Of Toad,0.647,0.360,1
B,H36C,Death and the lizard,B613.3,Lizard Paramour,0.646,0.362,1
B,E9i3,Goose-wife,A2411.2.6.3,Color Of Goose,0.646,0.458,1
B,F9B,Piranha in vagina,F547.5.7,Vagina In Armpit,0.646,0.431,1
B,B100,The acquisition of the sleep,A1429.3,Acquisition Of Water,0.646,0.353,1
B,C32,Ship made of nails,F841.1.3,Mahogany Ship,0.646,0.474,1
B,I123,Altair is the Sun’s messenger,B291.2.1,Horse As Messenger,0.646,0.379,1
B,I46A,Old woman’s rainbow,R39.2,Abduction By Old Woman,0.646,0.514,1
B,I50C,Šarabkha (animal with legs on its back),A2371.4,Origin Of Color Of Animal's Legs,0.645,0.439,1
B,I19,People inhale the odor of food,G303.4.8.1,Devil Has Sulphurous Odor,0.645,0.416,1
B,M39F,"He had a hat, had he a head?",D1610.26.2,Speaking Hat,0.645,0.370,1
B,H36E,Death and the rat,B437.1,Helpful Rat,0.645,0.442,1
B,L38,Demon’s trap,F493.1.2,Demon Of Colic,0.645,0.475,1
B,B66,Rope turns into creepers,A2682,Origin Of Creepers,0.645,0.458,1
B,I13C,Snake’s crown,F828,Extraordinary Crown,0.644,0.408,1
B,K33c8,Girl from the nut,F813.3.1,Golden Nut,0.644,0.351,1
B,K38f7,Wild animals are hero’s dogs,B845,Wild Animals Herded,0.644,0.489,1
B,K76G,Son the crab,A2320.4,Why Crab Has No Head,0.644,0.423,1
B,K17,The ornitomorphic suitor,B623.2,Owl As Suitor,0.644,0.350,1
B,K33c8,Girl from the nut,D1610.22,Speaking Nut,0.644,0.428,1
B,E9F,Parrot-wife,E613.12,Reincarnation As Parrot,0.643,0.390,1
B,C6E,The diver is a crustacean,B876.2,Giant Crustacean,0.643,0.553,1
B,H16B,The basin of milk,D1413.7,Basin To Which One Sticks,0.643,0.401,1
B,J21,Birth from eggs,T543.4,Birth From Fungus,0.643,0.354,1
B,I35A,Old woman’s thunder,M301.2,Old Woman As Prophet,0.643,0.464,1
B,B100,The acquisition of the sleep,J1081,Preciousness Of Untroubled Sleep,0.643,0.466,1
B,I25C,To name bloody river the river of vine,D915.4,Intermittent River,0.643,0.352,1
B,E8A,People from the fruits,F813,Extraordinary Fruits,0.643,0.409,1
B,H26,Mosquitoes had to be drowned,A2034,Origin Of Mosquitoes,0.643,0.381,1
B,A32B,The Moon toad,A2161,Origin Of Toad,0.642,0.440,1
B,G27,Plants from urine,D562.2,Transformation By Urine,0.642,0.465,1
B,H36E,Death and the rat,A1854,Creation Of Rat,0.642,0.439,1
B,K27n3a1,Hero’s rivals are the elements,Z71.2.2,The Four Elements,0.642,0.487,1
B,K17,The ornitomorphic suitor,B621.4,Rat As Suitor,0.642,0.351,1
B,B33D,The old woman of winter,R39.2,Abduction By Old Woman,0.641,0.374,1
B,M29X1,Trickster is a badger,D124.4,Transformation: Man To Badger,0.641,0.410,1
B,E9i3,Goose-wife,E613.10,Reincarnation As Goose,0.641,0.451,1
B,D1B,Male spirit of fire,G207,Male Witch,0.641,0.365,1
B,E13,Drum is a lake,A2824,Origin Of Drum,0.641,0.526,1
B,J24,Grounded to powder,D1246,Magic Powder,0.640,0.485,1
B,L64,Removable head,F557.1,Removable Brain,0.640,0.393,1
B,L78,Toad-jaguar,B601.15,Marriage To Jaguar,0.640,0.493,1
B,I120,Cornucopia,A137.5,God (Goddess) With Cornucopia,0.640,0.436,1
B,I55A,Stars are lakes,F162.6,Lakes In Otherworld,0.640,0.387,1
B,M10,A girl and a honey,F711.2.5,Sea Of Honey,0.640,0.369,1
B,H36E,Death and the rat,B621.4,Rat As Suitor,0.639,0.441,1
B,G11,Squirrel the woodcutter,A2426.1.2,Cry Of Squirrel,0.639,0.554,1
B,G11,Squirrel the woodcutter,K1816.3,Disguise As Woodcutter,0.639,0.467,1
B,I7A,The lightning- serpent,B91.2,Plumed Serpent,0.639,0.497,1
B,K34,Fatal swing,F895,Golden Swing,0.639,0.520,1
B,M66A,A hill of excrements,A2385,Excrements Of Animals,0.638,0.495,1
B,F90,A tragic incest,T410,Incest,0.638,0.352,1
B,E38B,People from gourd,F841.1.12,Boat From Gourd,0.638,0.370,1
B,I55B,The sun deer,B241.2.10,King Of Deer,0.638,0.436,1
B,K1F,Conflict because of a woman,E460,Revenants In Conflict,0.638,0.430,1
B,J52B,Hare-woman or hare-children as heros,B601.13,Marriage To Hare,0.637,0.392,1
B,H36C,Death and the lizard,K2295.4,Treacherous Lizard,0.637,0.354,1
B,M29F,Wolverine is a failure,A2455.5,Why Wolverine Is A Thief,0.637,0.453,1
B,I27C,The four-eyed dog,A1316.3.2,Why There Are One-Eyed Women,0.637,0.367,1
B,I46A,Old woman’s rainbow,M301.2,Old Woman As Prophet,0.636,0.507,1
B,A32D,Man in the Moon,A751.5,Man In The Moon From Scratches Or Paint,0.636,0.448,1
B,M134,A tower of wolves,D1149.2,Magic Tower,0.636,0.427,1
B,C35B,Frog is the enemy of the Sun,A2412.5.2.1,Why Frog Is Spotty All Over,0.636,0.514,1
B,G3A,Grains become multicoloured,K63.1,Hero To Eat Iron Grains,0.636,0.367,1
B,I45C,Not to count stars,K1812.20,Count In Disguise,0.635,0.361,1
B,I27C,The four-eyed dog,B15.4.1.2,Four-Eyed Tiger,0.635,0.360,1
B,B6,A man and a woman move around a post and meet each other,A1280,First Man (Woman),0.635,0.384,0
B,C19,Acquisition of the sun,A1432.2,Acquisition Of Gold,0.634,0.390,1
B,F13,Red penis of primates,F547.3,Extraordinary Penis,0.634,0.384,1
B,I7,The cloud serpent,F795,Extraordinary Cloud,0.634,0.458,1
B,E9B,Elephant-wife,B871.2.1,Giant Elephant,0.633,0.386,1
B,M127C,Frightened without reason,A5,Reason For Creation,0.633,0.384,1
B,A38C,The Sun’s cloak,D1610.26.1,Speaking Cloak,0.632,0.385,1
B,M39a4,Fool and his shadow,G369.3,Ogre Without A Shadow,0.632,0.370,1
B,B33D,The old woman of winter,M301.2,Old Woman As Prophet,0.632,0.368,1
B,L78,Toad-jaguar,A1817,Creation Of Jaguar,0.632,0.482,1
B,H36ff,Death and the raven,B451.5,Helpful Raven,0.631,0.407,1
B,M29I,Trickster-hawk,B455.4,Helpful Hawk,0.631,0.364,1
B,A33,The sun ram,E423.1.7,Revenant As Ram,0.631,0.392,1
B,M118B,Repository inside a cow,A1414.7.1,Tree As Repository Of Fire,0.631,0.520,1
B,H36E,Death and the rat,B211.2.9,Speaking Rat,0.630,0.431,1
B,K166,Forty girls,A661.4,Girls Dancing In Heaven,0.630,0.357,1
B,D1a4,The chat of two fires,D2158.2,Magic Extinguishing Of Fires,0.630,0.406,0
B,I132A,A girl on the swing of the Sun,F895,Golden Swing,0.630,0.467,1
B,E40,Nostrils upside,F811.15,Upside-Down Tree,0.630,0.426,1
B,B42I,Cassiopea is the deer,B731.7,Fancifully Colored Deer,0.630,0.410,1
B,I88,Animal with many tails,B15.7.7,Leopard With Nine Tails,0.629,0.595,1
B,K27g1,Cleaning of the stable,K1461.3,Cleaning The Children,0.629,0.426,1
B,I55B,The sun deer,A1875,Origin Of Deer,0.629,0.423,1
B,H36E,Death and the rat,A2411.1.4.3,Color Of Rat,0.629,0.430,1
B,I82E,Star who sold her mother,D1314.13.1,Star Of Bethlehem,0.629,0.404,1
B,I92B,Treasure under the rainbow,G306,Rainbow As Ogre,0.629,0.441,1
B,H34G,One grain porridge,D1610.31.1,Speaking Porridge,0.629,0.500,1
B,K33c9,Girl from the apple,F813.1,Extraordinary Apple,0.629,0.454,1
B,H16,Rivers of tears,D1004,Magic Tears,0.629,0.453,1
B,M29I,Trickster-hawk,A1937,Creation Of Hawk,0.628,0.363,1
B,I7,The cloud serpent,F431,Cloud-Spirit,0.628,0.456,1
B,I87C,The hut in a mitten,D444.10.2,Transformation: Mitten To Dog,0.628,0.387,1
B,M29R,Trickster is a porcupine,D2144.1.1,Porcupine As Controller Of Cold,0.628,0.394,1
B,I82H,Venus’ name is Čolpan,A781,Origin Of Venus (Planet),0.628,0.448,1
B,I82i,"Venus is Zahra (Zuhra, Zura, etc.)",A781,Origin Of Venus (Planet),0.628,0.359,1
B,L130,One eye for three persons,D993,Magic Eye,0.628,0.439,1
B,K76G,Son the crab,D375,Transformation: Crab To Man,0.628,0.355,1
B,C31c,The wise bat,B449.3,Helpful Bat,0.627,0.455,1
B,H54D,The lord of spirits,K2247,Treacherous Lord,0.627,0.454,1
B,E9L,Mouse-wife,B601.3.1,Marriage To Mouse,0.627,0.525,1
B,I100C,The Pleiades and a cuckoo,A773,Origin Of The Pleiades,0.626,0.464,1
B,C6E,The diver is a crustacean,B495,Helpful Crustacean,0.626,0.535,1
B,M181A,Fire at the sunset,F811.11,Trees Disappear At Sunset,0.626,0.371,1
B,K104,A red swan,B469.2,Helpful Swan,0.626,0.398,1
B,C19,Acquisition of the sun,A1433,Acquisition Of Money,0.625,0.395,1
B,E9i5,Snail-wife,D198,Transformation: Man To Snail,0.625,0.516,1
B,M19,The bait-person,Z312.4,Unique Bait For Fish,0.625,0.461,1
B,K32M,The heroine is transformed into animal (not drownd),E453,Ghost Transformed Into Animal,0.625,0.480,1
B,I122,The Pleiades are bees,A773,Origin Of The Pleiades,0.625,0.444,1
B,K31,Wooden seal,A1837,Origin Of Seal,0.624,0.363,1
B,H36I,Death and the goat,B871.1.4,Giant Goat,0.624,0.359,1
B,K133,Foam-flecked horse,A1117,Origin Of Foam On Waters,0.624,0.439,1
B,H36E,Death and the rat,B611.7,Rat Paramour,0.624,0.428,1
B,M150,The deceitful herdsman`,B576.3,Animal As Herdsman,0.570,0.623,1
B,B97A,The necklace of bird or animal,D413,Transformation: Bird To Another Animal,0.623,0.420,1
B,N28F,Water has no boughs,H721.3,Riddle: Twelve Cypresses With Thirty Boughs Each,0.623,0.535,1
B,A12G,Revenge on the Moon for his denunciation,F361,Fairy's Revenge,0.623,0.352,1
B,M21B,Every deception is the beginning of the next one,K1871,Deception By Legerdemain,0.623,0.414,1
B,K33c1,Transformed into lotus,E631.1.3,Reincarnation As Lotus,0.623,0.524,1
B,L78,Toad-jaguar,B211.2.2.2,Speaking Jaguar,0.623,0.474,1
B,A36A,The immortal Sun,B843.2,Immortal Donkey,0.623,0.421,1
B,L58,Avaricious man,A2011.2,Creation Of Ant: Avaricious Man Transformed,0.623,0.431,1
B,G25,Cereals spilled over the earth,A2685,Origin Of Cereals,0.623,0.550,1
B,M29M,Trickster is a rat,A2435.3.10,Food Of Rat,0.623,0.359,1
B,D4h1,Robin obtains fire,A1912.3,Creation Of Robin,0.622,0.522,1
B,I82H,Venus’ name is Čolpan,E481.8.3,Venus As Land Of Dead,0.622,0.530,1
B,I82i,"Venus is Zahra (Zuhra, Zura, etc.)",E481.8.3,Venus As Land Of Dead,0.622,0.424,1
B,L78,Toad-jaguar,A2411.1.1.2,Color Of Jaguar,0.622,0.474,1
B,I27C,The four-eyed dog,G369.7,One-Eyed Demon,0.622,0.358,1
B,I123,Altair is the Sun’s messenger,A165.2,Messenger Of The Gods,0.621,0.358,1
B,H52,The land of immortality,B222.3,Land Of Parakeets,0.621,0.355,1
B,E9F,Parrot-wife,A2493.26,Friendship Between Parrot And Maina,0.621,0.377,1
B,M177A,Guilty is the one who is silent,L124.2,Silent Hero,0.621,0.439,1
B,I7,The cloud serpent,B91.2,Plumed Serpent,0.621,0.454,1
B,B33f2,"In search of the fire, hero ties up an old woman",F571.3,Very Old Woman,0.621,0.451,1
B,J22C,The double woman,F547.5.4,Double Vagina,0.621,0.374,1
B,M29H,Trickster-owl,A2435.4.9,Food Of Owl,0.620,0.360,1
B,E23,Fleas make person move,X1285,Lies About Fleas,0.620,0.440,1
B,M135,Wolf and two rams,A2433.3.7,Why Rams Live At Home,0.619,0.398,1
B,L85B,Woman gives birth to disfigured child,T555,Woman Gives Birth To A Plant,0.619,0.393,1
B,L17B,Two faces,A123.2.1,God With Many Faces,0.619,0.372,1
B,L17B,Two faces,A123.2.1.5,God With Six Faces,0.619,0.372,1
B,L17B,Two faces,A123.2.1.2,God With Three Faces,0.619,0.372,1
B,L17B,Two faces,A123.2.1.3,God With Four Faces,0.619,0.372,1
B,L17B,Two faces,A123.2.1.4,God With Five Faces,0.619,0.372,1
B,L17B,Two faces,A123.2.1.1,God With Two Faces,0.619,0.372,1
B,I123,Altair is the Sun’s messenger,B291.4.2,Snake As Messenger,0.619,0.361,1
B,G17,Gift of a reptile,G354,Reptile As Ogre,0.619,0.381,1
B,M29I,Trickster-hawk,B102.1.1,Golden Hawk,0.618,0.360,1
B,B28,Travelling transformer,Q584.1,Transformer Transformed,0.618,0.397,1
B,B28D,Unrecognized Transformer,Q584.1,Transformer Transformed,0.618,0.454,1
B,M182B,The wild animals on the sleigh,B845,Wild Animals Herded,0.618,0.366,1
B,M93A,Guard punished,Q211.2,Matricide Punished,0.618,0.356,1
B,M93A,Guard punished,Q272,Avarice Punished,0.618,0.356,1
B,M93A,Guard punished,Q253.2,Homosexuality Punished,0.618,0.356,1
B,M93A,Guard punished,Q280,Unkindness Punished,0.618,0.356,1
B,M93A,Guard punished,Q393.2,Gossiping Punished,0.618,0.356,1
B,M93A,Guard punished,Q387,Jesting Punished,0.618,0.356,1
B,M93A,Guard punished,Q388,Freemasonry Punished,0.618,0.356,1
B,M89A,Horns of hyena,B435.6,Helpful Hyena,0.618,0.412,1
B,H54D,The lord of spirits,F406,Spirits Propitiated,0.589,0.618,1
B,K76G,Son the crab,A2171.2,Creation Of Crab,0.618,0.399,1
B,B42I,Cassiopea is the deer,B16.2.7,Destructive Deer,0.617,0.394,1
B,M78E,Ear-boy,D1011.2,Magic Ear Of Animal,0.617,0.464,1
B,H36ff,Death and the raven,B211.3.6,Speaking Raven,0.616,0.397,1
B,J1,The vengeful heroes,Z200,Heroes,0.616,0.432,1
B,J1,The vengeful heroes,T686,Quadruplet Heroes,0.616,0.432,1
B,K30,Flying enemy abducts woman,P19.2.1,King Abducts Woman To Be His Paramour,0.616,0.515,1
B,J23A,A mucus-boy,T541.8.3,Birth From Mucus From The Nose,0.616,0.566,1
B,L109,The cannibal gourd,F813.5,Extraordinary Gourd,0.616,0.511,1
B,M198B,The pretended astrologer,K1825.8,Disguise As Astrologer,0.616,0.392,1
B,M177A,Guilty is the one who is silent,E545.0.2,The Dead Are Silent,0.616,0.434,1
B,E9G,Vulture-wife,D152.3,Transformation: Man To Vulture,0.616,0.588,1
B,M70A,Old woman is pierced through,K2293,Treacherous Old Woman,0.616,0.360,1
B,M89A,Horns of hyena,A1834.3,Creation Of Hyena,0.615,0.410,1
B,H36ff,Death and the raven,A2411.2.1.5,Color Of Raven,0.615,0.396,1
B,B102A,Clouds are cows,A778.0.1,Origin Of Magellanic Clouds,0.615,0.402,1
B,I41b2,Rainbow from the animal’s mouth,A2341.2,Why Animal's Mouth Is Large,0.615,0.466,1
B,B8,Frog hides the water,A2412.5.2.1,Why Frog Is Spotty All Over,0.614,0.405,1
B,J58A,Three magicians at the bank of a river,D1711.10.1,Finns As Magicians,0.614,0.448,1
B,J58A,Three magicians at the bank of a river,D1711.10.5,Amonites As Magicians,0.614,0.448,1
B,J58A,Three magicians at the bank of a river,D1711.10.6,Amalekites As Magicians,0.614,0.448,1
B,B94,Talking trees,B11.4.5,Talking Dragon,0.614,0.457,1
B,B42I,Cassiopea is the deer,B15.3.1.1,Three-Horned Deer,0.614,0.397,1
B,F85,The Moon: contra men and pro women,A1372.1,Why Women Are Prattlers,0.614,0.418,1
B,F85,The Moon: contra men and pro women,A1372.3,Why Women Are Roving,0.614,0.418,1
B,E9G,Vulture-wife,A2317.7,Why Vulture Is Bald,0.614,0.555,1
B,M38C,Superb blacksmith,A142.0.1,God As Blacksmith,0.614,0.479,1
B,F9D,Scorpions in the genitals,A671.2.9,Scorpions In Hell,0.613,0.450,1
B,I123,Altair is the Sun’s messenger,B291.3.1,Fox As Messenger,0.613,0.364,1
B,E9B,Elephant-wife,B601.5,Marriage To Elephant,0.613,0.375,1
B,M75D,Vulture’s knife,B602.4,Marriage To Vulture,0.613,0.476,1
B,J52B,Hare-woman or hare-children as heros,A2411.1.4.4,Color Of Hare,0.613,0.371,1
B,F77A,Penis bridge,F547.3,Extraordinary Penis,0.613,0.400,1
B,M38c3,Old woman transformed into monkey,F571.3,Very Old Woman,0.613,0.352,1
B,I95A,Orion is a balance,A772,Origin Of Orion,0.613,0.555,1
B,I140,The staff of Moses,D2161.5.4,Cure By Moses,0.612,0.379,1
B,H24C,Death in container,A1131.4,Rain From Container In Sky,0.612,0.401,1
B,M29I,Trickster-hawk,E613.3,Reincarnation As Hawk,0.612,0.351,1
B,K56a5d,Conversation with the Frost,F531.1.9,Frost-Giants,0.612,0.372,1
B,L109,The cannibal gourd,T117.7,Marriage To A Gourd,0.612,0.513,1
B,H36ff,Death and the raven,A13.2.1,Raven As Creator,0.612,0.395,1
B,K104,A red swan,A2411.2.6.2,Color Of Swan,0.612,0.389,1
B,J32F,The stolen apples,F842.1.3,Bridge Of Apples,0.612,0.406,1
B,C31,The wise hedgehog (cosmology),E423.2.4,Revenant As Hedgehog,0.611,0.392,1
B,I92B,Treasure under the rainbow,N510,Where Treasure Is Found,0.611,0.408,1
B,J12A,Penis in a pot,F547.3,Extraordinary Penis,0.611,0.364,1
B,M29I,Trickster-hawk,X1267,Remarkable Hawk,0.611,0.350,1
B,E8A,People from the fruits,X1410,Lies About Fruits,0.611,0.396,1
B,I41,Rainbow serpent,G306,Rainbow As Ogre,0.611,0.384,1
B,I49,The running earthquake,Q552.25,Earthquake As Punishment,0.611,0.524,1
B,M66A,A hill of excrements,D1454.5,Treasure From Excrements,0.610,0.467,1
B,I37D,Mushrooms are excrements,D1002,Magic Excrements,0.610,0.536,1
B,I81a1,The crab and the serpent,A2320.4,Why Crab Has No Head,0.610,0.387,1
B,H36ff,Death and the raven,E613.7,Reincarnation As Raven,0.610,0.391,1
B,M66A,A hill of excrements,D932.2,Magic Hill,0.610,0.464,1
B,H7b2,The immortal Poverty,B843,Immortal Animals,0.610,0.418,1
B,B106,The sky cock,Z32.1.1,The Death Of The Cock,0.609,0.449,1
B,G17,Gift of a reptile,B491,Helpful Reptile,0.609,0.370,1
B,B30B,Murdered person turns into game animals,A2552,Why Game Animals Are Elusive,0.609,0.555,1
B,K54,Two giants,F531.6.8.7,Giants Meet Successively Larger Giants,0.609,0.352,1
B,L10,Sharp tail,A2378.2.5,Why Hydrax Has No Tail,0.609,0.414,1
B,K38f6,The fire-creature,J657,Care In Selecting The Creature To Carry One,0.609,0.476,1
B,K153,"Grateful animals, ungrateful man",B350,Grateful Animals,0.608,0.386,1
B,K38f5,Fire-breathing horse,C51.1.3,Tabu: Breathing On Sacred Fire,0.608,0.390,1
B,E9F,Parrot-wife,B291.1.6,Parrot As Messenger,0.608,0.374,1
B,L85C,Half-chicken,B469.5.1,Helpful Chicken,0.608,0.458,1
B,A32D,Man in the Moon,Q235.1,Man Put In Moon For Cursing God,0.608,0.396,1
B,M75D,Vulture’s knife,B455.1,Helpful Vulture,0.608,0.468,1
B,H28B,Mosquitoes from animal hair,B15.7.10.2,Animal With Hair Of Iron Pins,0.608,0.416,1
B,K166,Forty girls,F709.2,Country Of Little Girls,0.608,0.355,1
B,I92B,Treasure under the rainbow,A288,Rainbow-Goddess,0.607,0.417,1
B,L94D,A tale of a tail,A2378.2.5,Why Hydrax Has No Tail,0.607,0.489,1
B,K76G,Son the crab,B102.8,Golden Crab,0.607,0.396,1
B,M201,The oak and the mushroom,X1424,The Great Mushroom,0.607,0.412,1
B,B16A,Sea from the urine,A1131.1.1,Rain From Urine,0.607,0.411,1
B,E9B,Elephant-wife,B443.3,Helpful Elephant,0.606,0.366,1
B,E9i3,Goose-wife,B291.1.5,Goose As Messenger,0.606,0.431,1
B,K28,Father or uncle is rival and enemy,P293,Uncle,0.606,0.405,1
B,L85C,Half-chicken,A1988,Creation Of Chicken,0.606,0.455,1
B,K38e1,Forest of metal trees,D1252,Magic Metal,0.605,0.440,1
B,M75D,Vulture’s knife,A1931,Creation Of Vulture,0.605,0.466,1
B,A32C,A man and a dog in the Moon,F551.1.3,Man With Dog's Feet,0.605,0.402,1
B,I46E,Rainbow sword,G306,Rainbow As Ogre,0.605,0.530,1
B,M29E,Trickster-skunk,A2522.4,Why Skunk Is Disliked,0.605,0.389,1
B,E9L,Mouse-wife,B211.2.8,Speaking Mouse,0.605,0.498,1
B,I38,The dog-heads,K2051.4,"Women Adorn Their Heads, Though They Are Immoral Below",0.604,0.397,1
B,I7,The cloud serpent,A283.1,Cloud-Angel,0.604,0.439,1
B,I13C,Snake’s crown,B765.16,Snake Has Stinger,0.604,0.376,1
B,K37C,To recognize an object or an animal,D440,Transformation: Object To Animal,0.604,0.393,1
B,E1D,Canoes of clay,D935.2,Magic Clay,0.603,0.473,1
B,A31A,The cut off breast,F546,Remarkable Breast,0.603,0.394,1
B,E9B,Elephant-wife,A1887,Creation Of Elephant,0.603,0.364,1
B,I48A,Falling down into the underworld,A681,Sun In The Underworld,0.603,0.363,1
B,F9E,Mice in vagina,F547.5,Extraordinary Vagina,0.603,0.432,1
B,H7C,The unfinished prayer,V50,Prayer,0.603,0.395,1
B,H7C,The unfinished prayer,V58.4,Handwashing Before Prayer,0.603,0.395,1
B,K106,Thrown to cows,B19.6.1,Cows Of The Sun,0.602,0.378,1
B,N21,The Dough-strong man,D1711.8,Strong Man As Magician,0.602,0.492,1
B,M198B,The pretended astrologer,K2299.1,Treacherous Astrologer,0.602,0.382,1
B,N13,Girl is the scissors,D1183,Magic Scissors (Shears),0.602,0.357,1
B,N28A1,Belt of mountains,F829.3,Extraordinary Belt,0.602,0.473,1
B,L134,The third wave,D283.5,Transformation: Man To Ocean Wave,0.602,0.381,1
B,C6J,The acquiring of the earth linked to the creation of man,A1200,Creation Of Man,0.601,0.397,1
B,C6J,The acquiring of the earth linked to the creation of man,A1220,Creation Of Man Through Evolution,0.601,0.360,1
B,M198B,The pretended astrologer,K1964,Sham Astrologer,0.601,0.381,1
B,B90,Master of wolves,X1216,Lies About Wolves,0.601,0.439,1
B,I9A,Zenith and nadir,A572.1,Culture Hero Still Resides In The Zenith,0.601,0.443,1
B,K76G,Son the crab,B283.1,Wedding Of Crab,0.601,0.396,1
B,M78E,Ear-boy,T541.14,Birth Through The Ear,0.601,0.416,1
B,I25D,To oil the gate,F776,Extraordinary Gate,0.601,0.358,1
B,H33A,Babies thrown across a hedge,D945,Magic Hedge,0.601,0.421,1
B,J12B,Honey-suitor,F711.2.5,Sea Of Honey,0.601,0.417,1
B,M89A,Horns of hyena,E612.9,Reincarnation As Hyena,0.600,0.397,1
B,K76G,Son the crab,E629.2,Reincarnation As Crab,0.600,0.385,1
B,M144B,"Tiger was scorched, thence his stripes",A2413.6,Stripes Of Cony,0.600,0.458,1
B,J12L,A hypocritical murderer,K2090,Other Hypocritical Acts,0.600,0.412,1
B,B1,Two male creators,A15.2,Brothers As Creators,0.600,0.367,1
B,A32K,"First to the Sun, then to the Moob",R9.1.3,Sun And Moon Imprison Each Other,0.521,0.599,1
B,K22A,Dwarfs attacked,F451.3.6,Dwarfs Are Sensitive,0.599,0.426,1
B,K22A,Dwarfs attacked,F451.3.4.1,Dwarfs As Artificers,0.599,0.426,1
B,K22A,Dwarfs attacked,F451.3.12.2,Dwarfs Are Sensible,0.599,0.426,1
B,K22A,Dwarfs attacked,F451.3.16,Dwarfs Are Artful,0.599,0.426,1
B,K22A,Dwarfs attacked,F451.3.10,Dwarfs Are Droll,0.599,0.426,1
B,K104,A red swan,B811.5,Sacred Swan,0.599,0.380,1
B,M29R,Trickster is a porcupine,A2432.4,Porcupine's Dwelling,0.599,0.369,1
B,N28B,Ladder to the sky,C611.3,Forbidden Ladder,0.599,0.370,1
B,J24,Grounded to powder,D1470.1.40,Magic Wishing-Powder,0.598,0.462,1
B,B16A,Sea from the urine,A1012.2,Flood From Urine,0.598,0.520,1
B,I92B,Treasure under the rainbow,E644,Reincarnation As Rainbow,0.598,0.410,1
B,H7b2,The immortal Poverty,B37,Immortal Bird,0.598,0.409,1
B,H7b2,The immortal Poverty,B184.1.8,Immortal Horse,0.598,0.408,1
B,K100D,Helpful animal becomes a prince,B562.1.0.1,Helpful Animal Discovers Jewel,0.598,0.464,1
B,J17,Frogs in hair,F555.4,Very Thick Hair,0.598,0.414,1
B,I46,Rainbow belt,F829.3,Extraordinary Belt,0.597,0.529,1
B,G17,Gift of a reptile,B211.6,Speaking Reptile,0.597,0.362,1
B,J24,Grounded to powder,D1500.1.20,Magic Healing Powder,0.597,0.460,1
B,E9i1,Swan-wife,D161.1,Transformation: Man To Swan,0.597,0.384,1
B,E9i2,Duck-wife,D161.3,Transformation: Man To Duck,0.597,0.371,1
B,L39A,Demons from the underworld,A300.1,Goddess Of Underworld,0.597,0.384,1
B,H36ff,Death and the raven,E423.3.4,Revenant As Raven,0.596,0.382,1
B,M198B,The pretended astrologer,D1712.0.1,Astrologer-Magician,0.596,0.381,1
B,A37,The Sun is attacked with weapons,P553,Weapons,0.596,0.395,1
B,M75D,Vulture’s knife,B211.3.8,Speaking Vulture,0.596,0.458,1
B,F30A,Worm-baby,A828.1,Earth Excreted By Worm,0.596,0.405,1
B,L85C,Half-chicken,B211.3.2.1,Speaking Chicken,0.596,0.447,1
B,K25a7,Two brothers and the winged maiden,A131.7,Winged God,0.596,0.361,1
B,L42g3,Edible house,A2686.4,Origin Of Edible Roots,0.596,0.367,1
B,A32B,The Moon toad,B493.2,Helpful Toad,0.596,0.409,1
B,H7f2,Death becomes invisible,A11,Invisible Creator,0.595,0.407,1
B,K104,A red swan,E423.3.2,Revenant As Swan,0.595,0.376,1
B,F75,A siren and a tapir,A1889.1,Creation Of Tapir,0.595,0.417,1
B,A2c2,The extra moons,F961.3.2,Many Moons At The Same Time,0.595,0.518,1
B,A32I,A shepherd in the moon,N841,Shepherd As Helper,0.595,0.439,1
B,L109,The cannibal gourd,D1610.3.1,Speaking Gourd,0.595,0.493,1
B,C19,Acquisition of the sun,A1428,Acquisition Of Wine,0.594,0.368,1
B,M53B,Bag with songs,V234,Songs Of The Angels,0.594,0.536,1
B,F73A,Vulva is or thought to be wound,D1610.6.1,Speaking Vulva,0.594,0.383,1
B,F92,Homosexual play,T463,Homosexual Love (Male),0.588,0.594,1
B,M5C,The hairy octopus,B477,Helpful Octopus,0.594,0.504,1
B,K56a5d,Conversation with the Frost,V1.5.7,Worship Of Frost,0.593,0.359,1
B,G17,Gift of a reptile,A13.4,Reptile As Creator,0.593,0.360,1
B,K119b,Wild animals presented to the king,B845,Wild Animals Herded,0.593,0.462,1
B,L78,Toad-jaguar,B15.1.2.1.3,Jaguar With Two Heads,0.593,0.459,1
B,M39a4,Fool and his shadow,E421.4,Ghosts As Shadow,0.592,0.361,1
B,L9E,Copper nose,F771.1.3,Copper Castle,0.592,0.392,1
B,M128,Speckled animals,G303.4.8.9,Devil All Speckled And Spotted,0.592,0.382,1
B,G17,Gift of a reptile,B123,Wise Reptile,0.592,0.360,1
B,K99B,Eloping with the wrong man,K1317.2.2,Letter Delivered To Wrong Man,0.592,0.361,1
B,G17,Gift of a reptile,E614,Reincarnation As Reptile,0.592,0.356,1
B,I122,The Pleiades are bees,B246.3,King Of Bees,0.592,0.422,1
B,G17,Gift of a reptile,B613,Reptile Paramour,0.591,0.360,1
B,M89A,Horns of hyena,A2494.3,The Hyena's Enemies,0.591,0.400,1
B,M66A,A hill of excrements,D1610.6.4,Speaking Excrements,0.591,0.449,1
B,M29R,Trickster is a porcupine,A2376.3,Why Porcupine Has Only Four Claws,0.591,0.368,1
B,K154,A skull with an inscription,D992.4,Magic Skull,0.591,0.475,1
B,B16A,Sea from the urine,F711.2.4,Sea Of Slime,0.591,0.497,1
B,L15B,To kill with a reed,D224,Transformation: Man To Reed,0.591,0.409,1
B,K121,Wanderer at a crossroad,K1817,Disguise As Wanderer,0.591,0.389,1
B,C33,Prometeus (the chained strong man),D1711.8,Strong Man As Magician,0.591,0.456,1
B,E9i4,Crane-wife,D162,Transformation: Man To Crane,0.591,0.410,1
B,H7b2,The immortal Poverty,F259.1.4,Fairies Immortal,0.591,0.396,1
B,H36hh,Death and the frog,B211.7.1,Speaking Frog,0.591,0.362,1
B,F20A,Humans and dogs,B731.6.0.1,Polychromatic Dogs,0.590,0.472,1
B,K119A,The ungrateful master,F451.5.2.1,Ungrateful Dwarf,0.590,0.359,1
B,M90a4,The tree of gems,D475.4.2,Transformation: Lice Into Gems,0.590,0.380,1
B,I41,Rainbow serpent,A288,Rainbow-Goddess,0.590,0.363,1
B,K27n3a1,Hero’s rivals are the elements,A1260.1.1,Man Made Of Four Elements,0.590,0.453,1
B,B33F,Night that unwinds her yarn,G244.1,Witch Winds Yarn,0.590,0.422,1
B,D1a4,The chat of two fires,A671.2.4,The Fires Of Hell,0.590,0.431,0
B,D1a4,The chat of two fires,A671.2.4.13,Four Fires In Hell,0.590,0.431,0
B,K47B,Dog turns into handsome man,D1872.1,Handsome Man Magically Made Ugly,0.589,0.396,1
B,M70A,Old woman is pierced through,R39.2,Abduction By Old Woman,0.589,0.424,1
B,I49,The running earthquake,F969.4,Extraordinary Earthquake,0.589,0.506,1
B,H7f2,Death becomes invisible,D1982.5,Boat Made Invisible,0.589,0.406,1
B,A2c2,The extra moons,A759.5,Formerly Seven Moons,0.589,0.498,1
B,J22E,Placenta person,T549.4.1,Child Born From Placenta,0.589,0.514,1
B,I103,The dog star,F961.2.5,Speaking Star,0.588,0.420,1
B,M134B,Wolf measured by tailor,P441,Tailor,0.588,0.377,1
B,K27z7,To get know what is the rose of the heart,D975.2,Magic Rose,0.588,0.373,1
B,K119e,A success story of a miller,P443,Miller,0.588,0.484,1
B,K19E,Wolverine under a tree,A2441.1.5,Cause Of Wolverine's Walk,0.588,0.361,1
B,I55A,Stars are lakes,A920.1.10,Lakes Made By Giant Or Devil,0.587,0.414,1
B,K104,A red swan,B752.1,Swan Song,0.587,0.369,1
B,A38C,The Sun’s cloak,D1317.19,Cloak Warns,0.587,0.368,1
B,M56A,Alligator’s secret,D194.1,Transformation: Man To Alligator,0.587,0.376,1
B,E9i4,Crane-wife,B623.1,Crane As Wooer,0.587,0.375,1
B,I35A,Old woman’s thunder,N825.3.2,Old Woman By Spring As Helper,0.587,0.365,1
B,M201,The oak and the mushroom,A2681.2,Origin Of Oak,0.587,0.385,1
B,M29X,The hyena is a failure,B435.6,Helpful Hyena,0.587,0.385,1
B,L109,The cannibal gourd,F841.1.12,Boat From Gourd,0.586,0.489,1
B,M198b2,"Grasshopper by name, the astrologer",A2064,Creation Of Grasshopper,0.586,0.367,1
B,K73a2,Baby substituted with a broom,D1209.8,Magic Broom,0.586,0.355,1
B,A2D,Suns of the other worlds,E480.2,Three Worlds Of Dead,0.586,0.516,1
B,K107E,The long pregnancy,T570,Pregnancy,0.586,0.407,1
B,E38A,Woman gives birth to many embryos,T554.11,Supernaturally Impregnated Woman Gives Birth To Dragon,0.586,0.405,1
B,I81a1,The crab and the serpent,A2171.2,Creation Of Crab,0.586,0.365,1
B,C6E,The diver is a crustacean,B48,Flying Crustacean,0.585,0.505,1
B,I88,Animal with many tails,F515.3,Men With Tails On Their Hands,0.585,0.462,1
B,E9F,Parrot-wife,B143.1.3,Warning Parrot,0.585,0.368,1
B,I41b2,Rainbow from the animal’s mouth,A2341.3,Why Animal's Mouth Is Closed,0.584,0.486,1
B,I46E,Rainbow sword,A288,Rainbow-Goddess,0.584,0.502,1
B,M29X,The hyena is a failure,A1834.3,Creation Of Hyena,0.584,0.383,1
B,M75,Valuables taken off the vultures,B242.2.11,King Of Vultures,0.584,0.396,1
B,E9L,Mouse-wife,E423.2.11,Revenant As Mouse,0.584,0.477,1
B,D1a4,The chat of two fires,D2158,Magic Control Of Fires,0.584,0.420,0
B,I92B,Treasure under the rainbow,T521.2,Conception From Rainbow,0.584,0.401,1
B,N21,The Dough-strong man,F626.1,Strong Man Flattens Hill (Lops Off Hilltop),0.584,0.480,1
B,B44E,Dispute of ancestors,B299.2,Animals Dispute,0.583,0.358,1
B,B4,The fished out earth,A955.8,Island Fished-Up By Demigod (Hero),0.583,0.370,1
B,F28a1,Jumping penis,F547.3,Extraordinary Penis,0.583,0.450,1
B,K25D,Prohibited bulb in the sky,E745.5.2,Soul As Bulb,0.583,0.373,1
B,F75,A siren and a tapir,B611.8,Tapir Paramour,0.582,0.409,1
B,K33A,Younger brother transformed into animal,E453,Ghost Transformed Into Animal,0.582,0.363,1
B,L17,Face on breast,F546,Remarkable Breast,0.582,0.381,1
B,M56C,To measure a snake,B765.16,Snake Has Stinger,0.582,0.381,1
B,I110B,Orion is mowers,A772,Origin Of Orion,0.582,0.430,1
B,C19,Acquisition of the sun,A1429.4,Acquisition Of Salt,0.582,0.356,1
B,A32B,The Moon toad,B211.7.2,Speaking Toad,0.582,0.398,1
B,D4I,Beaver obtains fire,A2411.1.4.2,Color Of Beaver,0.565,0.581,1
B,F78,Toothed anus,F547.3.3,Toothed Penis,0.581,0.470,1
B,I7A,The lightning- serpent,A285.0.1,Angel Of Lightning,0.581,0.513,1
B,A32C,A man and a dog in the Moon,D141,Transformation: Man To Dog,0.581,0.389,1
B,I50A,Torn off legs of the helpful animal,B341,Helpful Animal's Injunctions Disobeyed,0.581,0.473,1
B,I50A,Torn off legs of the helpful animal,B300,Helpful Animal,0.581,0.377,1
B,L65b4,Tooth as an axe,F513.1.1,Three Women Have But One Tooth Among Them,0.581,0.452,1
B,M70A,Old woman is pierced through,M301.2,Old Woman As Prophet,0.581,0.418,1
B,B116d,The “book” as a part of the stomach,F559.6,Extraordinary Stomach,0.581,0.523,1
B,I41,Rainbow serpent,E644,Reincarnation As Rainbow,0.581,0.357,1
B,K31,Wooden seal,F515.4,Boy With Seal Flippers,0.580,0.352,1
B,F40B,A man in a village of women,A1372.3,Why Women Are Roving,0.580,0.367,1
B,F40B,A man in a village of women,A1372.1,Why Women Are Prattlers,0.580,0.367,1
B,L93D,Helpful hedgehog,A2426.1.4,The Hedgehog's Cry,0.580,0.476,1
B,F97,The prohibited fruit: origin of sex,A1313.0.2,Origin Of Sex Differentiations,0.580,0.470,1
B,F97,The prohibited fruit: origin of sex,A1350,Origin Of Sex Functions,0.580,0.372,1
B,B116,The first book eaten up,F883.1,Extraordinary Book,0.580,0.358,1
B,E1a1,Becoming sodden under the rain (origin of cripples),A1131,Origin Of Rain,0.517,0.580,1
B,E9L,Mouse-wife,F405.7.1,"""Tell To Mill-Mouse That The Field-Mouse Is Dead",0.579,0.373,1
B,B94,Talking trees,F814.2,Talking Flowers,0.579,0.429,1
B,K33c8,Girl from the nut,F813.3.2,Gigantic Nut,0.579,0.384,1
B,M122,Advisers inside,D1312.1.1,Excrements As Advisers,0.579,0.525,1
B,K76F,Youth the calf,E521.4,Ghost Of Calf,0.579,0.389,1
B,K156,Will flowers wither undeer the pillow?,D1154.5,Magic Pillow,0.578,0.367,1
B,F1,First woman is a transformed man,D518,Woman Transformed For Nourishing An Animal,0.577,0.367,1
B,I48A,Falling down into the underworld,A300.1,Goddess Of Underworld,0.577,0.459,1
B,B33D,The old woman of winter,N825.3.2,Old Woman By Spring As Helper,0.577,0.351,1
B,H36gg,Death and the coyote,A724.1.0.1,Coyote Rides With Sun,0.577,0.411,1
B,L9G,A man with a blue beard,F527.3,Blue Man,0.577,0.552,1
B,M118B,Repository inside a cow,A1414.7.2,Rock As Repository Of Fire,0.577,0.477,1
B,I38A,The dog-husbands,J2301,Gullible Husbands,0.577,0.373,1
B,M5C,The hairy octopus,G308.9,Demon-Octopus,0.577,0.497,1
B,B106,The sky cock,E524.2,Ghost Of Cock,0.577,0.419,1
B,H46A,The dog and the spike,D1285,Magic Spike,0.576,0.430,1
B,A32B,The Moon toad,B284.2,Wedding Of Toad,0.576,0.403,1
B,J34,Frightened grandmother,S41,Cruel Grandmother,0.576,0.350,1
B,I129,Constellation of Heron,B463.2,Helpful Heron,0.576,0.468,1
B,I46C,Rainbow rope,G306,Rainbow As Ogre,0.576,0.498,1
B,D4C,Acquisition of summer,A1429.3,Acquisition Of Water,0.576,0.468,1
B,L78,Toad-jaguar,B15.4.1.3,Four-Eyed Jaguar,0.576,0.441,1
B,I81a1,The crab and the serpent,B102.8,Golden Crab,0.575,0.362,1
B,I46E,Rainbow sword,E644,Reincarnation As Rainbow,0.575,0.493,1
B,E40,Nostrils upside,F543.4,Remarkable Nostrils,0.575,0.530,1
B,B65,Intestines turn into creepers,A2682,Origin Of Creepers,0.575,0.416,1
B,M142,Animal blames its tail,D1029.2,Magic Tail Of Animal,0.575,0.569,1
B,F30A,Worm-baby,B491.4,Helpful Worm,0.575,0.385,1
B,A18,The Sun boat,A757,Moon-Boat,0.575,0.374,1
B,J62b1,The mistress of an island transforms men into animals,M244,Bargains Between Men And Animals,0.574,0.486,1
B,L73B,Drawing a line on the ground,D1272.1,Magic Line,0.574,0.410,1
B,M198b2,"Grasshopper by name, the astrologer",B285.3,Wedding Of Grasshopper,0.574,0.365,1
B,J61,As light as a feather,H78,Recognition By Feather,0.574,0.407,1
B,L28,The snake-eater,B765.16,Snake Has Stinger,0.574,0.360,1
B,C19,Acquisition of the sun,J706,Acquisition Of Wealth,0.574,0.357,1
B,I8F,One support of the world,F1011,Sunbeam As Support,0.574,0.381,1
B,H12C,Orpheus: to return the dead wife,F81.1,Orpheus,0.574,0.425,1
B,K176,A man in search of the woman,A1376,Why Man Excels Woman,0.574,0.435,0
B,K60a,How strong are these bonds?,K231.5.1,A Man Bonds His Loyalty,0.574,0.368,1
B,E9B,Elephant-wife,A2494.11,The Elephant's Enemies,0.573,0.352,1
B,M78E,Ear-boy,A1319.3,Why Ear-Wax Is Inside The Ear,0.573,0.442,1
B,K76G,Son the crab,B214.1.8,Singing Crab,0.573,0.372,1
B,L65b4,Tooth as an axe,A137.1.1,God With Axe,0.573,0.418,1
B,L9A,Sharp leg,F517.0.1,Person With One Leg,0.572,0.429,1
B,K27z7,To get know what is the rose of the heart,A1667.1,Why Europeans Know More Than Natives,0.572,0.358,1
B,C6E,The diver is a crustacean,B94,Mythical Crustacean,0.572,0.490,1
B,C33,Prometeus (the chained strong man),F626.1,Strong Man Flattens Hill (Lops Off Hilltop),0.572,0.445,1
B,I92B,Treasure under the rainbow,V1.5.6.1,Worship Of Rainbow,0.572,0.392,1
B,F9E,Mice in vagina,F547.5.3,Eye In Vagina,0.572,0.414,1
B,H46A,The dog and the spike,D1285.1,Spike Produced By Magic,0.571,0.368,1
B,F3,A man eats woman’s pregnancy medicine,C152.1,Tabu: Violence To Woman During Pregnancy,0.571,0.360,1
B,H12B,Ghosts feed on excrements,D1002,Magic Excrements,0.571,0.504,1
B,M90a6,Apples of immortality,D1346.4,Tree Of Immortality,0.570,0.466,1
B,B1B,Two female creators,A2.1,Three Creators,0.570,0.432,1
B,J62B,Transformed into animals disenchanted,D103,Assembly Or Group Transformed To Animals,0.570,0.423,1
B,I81a1,The crab and the serpent,B283.1,Wedding Of Crab,0.570,0.363,1
B,M29X,The hyena is a failure,E612.9,Reincarnation As Hyena,0.570,0.371,1
B,M78E,Ear-boy,T517.3,Conception Through Ear,0.570,0.385,1
B,K56a5a,Becomes young after being flayed,E171,Flayed Animal Resuscitated,0.570,0.366,1
B,I35B,The bronze sky,F841.2.5,Bronze Sail,0.570,0.444,1
B,K38f4,Fire-breathing monster,C51.1.3,Tabu: Breathing On Sacred Fire,0.569,0.373,1
B,I81a1,The crab and the serpent,E629.2,Reincarnation As Crab,0.569,0.352,1
B,K27zz2,"All queens are blind, one is half-blind",P20,Queens,0.569,0.384,1
B,B46A,Stolen star of the Pleiades,A773,Origin Of The Pleiades,0.569,0.423,1
B,I37D,Mushrooms are excrements,A2385,Excrements Of Animals,0.569,0.506,1
B,E9L,Mouse-wife,B214.1.9,Singing Mouse,0.568,0.472,1
B,L85B,Woman gives birth to disfigured child,T554.11,Supernaturally Impregnated Woman Gives Birth To Dragon,0.568,0.401,1
B,H7f2,Death becomes invisible,F831.1,Invisible Arrow,0.568,0.415,1
B,K56d1,Treasure in a pumpkin,N510,Where Treasure Is Found,0.568,0.409,1
B,L65b4,Tooth as an axe,A1446.2,Origin Of The Axe,0.568,0.409,1
B,J62B,Transformed into animals disenchanted,B318,Helpful Animals Transformed From Other Animals,0.567,0.357,1
B,B16A,Sea from the urine,A923.1,Ocean From Urine,0.567,0.496,1
B,M53B,Bag with songs,A1554,Origin Of Love-Songs,0.567,0.516,1
B,K29D,The drunk elephants,F769.3,City Of Elephants,0.567,0.362,1
B,M75,Valuables taken off the vultures,A2435.4.5.1,Carrion As Food Of Vultures,0.567,0.430,1
B,B46A,Stolen star of the Pleiades,D1314.13.1,Star Of Bethlehem,0.567,0.367,1
B,B95,Burned bottom parts,D576,Transformation By Being Burned,0.567,0.389,1
B,H28C,Mosquitoes return wives,A2034,Origin Of Mosquitoes,0.566,0.378,1
B,K85E,The sea horses,F402.1.14,Spirit And Horses,0.566,0.357,1
B,M29w1,The leopard is a failure,A2435.3.17,Food Of Leopard,0.566,0.369,1
B,F72,Imitated violence,D712,Disenchantment By Violence,0.566,0.391,1
B,C34,The deluge because of a wounded creature,A1010,Deluge,0.565,0.377,1
B,J62B,Transformed into animals disenchanted,F601.6,Extraordinary Companions Are Transformed Animals,0.565,0.367,1
B,K85E,The sea horses,A155.2,Horses Of The Gods,0.565,0.353,1
B,N28H,Horse has no horns,B15.3.4.1,Hare With Horns,0.565,0.374,1
B,K76F,Youth the calf,B411.3,Helpful Calf,0.565,0.381,1
B,E1D,Canoes of clay,A998,Origin Of Clay,0.565,0.440,1
B,I100C,The Pleiades and a cuckoo,A2435.4.1,Food Of Cuckoo,0.565,0.423,1
B,I20A,The sky giants,F531.6.8.6,Giants Have Children,0.565,0.358,1
B,B82,The white raven,B451.5,Helpful Raven,0.565,0.364,1
B,I136,The demonic wheel,A137.3,God With Wheel,0.565,0.436,1
B,I129,Constellation of Heron,A2411.2.5.2,Color Of Heron,0.565,0.458,1
B,M5D,The squirrel the creeping fish,A2426.1.2,Cry Of Squirrel,0.565,0.525,1
B,B51,Mosquito and thunder,X1286.1.3,Lie: Mosquito's Long Bill,0.565,0.358,1
B,C31c,The wise bat,B15.4.1.4,Eight-Eyed Bat,0.564,0.412,1
B,I95B,Orion is a shoulder-yoke,D1101.6,Magic Yoke,0.564,0.428,1
B,M39b1,Paddling in both directions,J2164.1,Rowers Pull In Opposite Directions,0.563,0.528,1
B,C22,The drought,A255,Star-Deity And Drought-Demon Fight,0.563,0.352,1
B,B45B,The bull of cold,F436,Spirit Of Cold,0.563,0.402,1
B,L124A,The cutting girdle,H116,Identification By Girdle,0.563,0.448,1
B,A32G,Holding a bush,D1610.2.2,Speaking Bush,0.563,0.400,1
B,M29D,Trickster-mink,A522.1.5,Mink As Culture Hero,0.562,0.363,1
B,L108b2,Ants make the voice thin,B246.1,King Of Ants,0.562,0.389,1
B,J61,As light as a feather,V1.10.3,Sacred Feather,0.562,0.399,1
B,B106,The sky cock,B469.5,Helpful Cock,0.562,0.409,1
B,M75D,Vulture’s knife,B291.1.8,Vulture As Messenger,0.562,0.436,1
B,I46E,Rainbow sword,T521.2,Conception From Rainbow,0.562,0.483,1
B,M29X,The hyena is a failure,A2494.3,The Hyena's Enemies,0.561,0.373,1
B,I20A,The sky giants,G371,Stone Giants,0.561,0.352,1
B,I129,Constellation of Heron,E613.9,Reincarnation As Heron,0.561,0.453,1
B,M90a6,Apples of immortality,F842.1.3,Bridge Of Apples,0.561,0.497,1
B,I41b2,Rainbow from the animal’s mouth,A2341,Origin And Nature Of Animal's Mouth,0.561,0.463,1
B,L9E,Copper nose,A1432.4,Acquisition Of Copper,0.561,0.364,1
B,L81a1,Red bead in the hearth,A1455.1,Origin Of The Domestic Hearth,0.560,0.413,1
B,H7f2,Death becomes invisible,D1655.1,Invisible Weapons,0.560,0.384,1
B,I55B,The sun deer,E612.5,Reincarnation As Deer,0.560,0.374,1
B,I55B,The sun deer,B611.5,Deer Paramour,0.560,0.378,1
B,M118B,Repository inside a cow,A1414.7.3,Cave As Repository Of Fire,0.560,0.466,1
B,G9,Restored forest,E782.1,Hands Restored,0.560,0.376,1
B,H7b2,The immortal Poverty,A473.0.1,Angel Of Poverty,0.559,0.459,1
B,N28C,Pillar of the sky,F774.2.1,Pillar Of Fire,0.559,0.404,1
B,I5A,Thunderous tapir,A1889.1,Creation Of Tapir,0.559,0.476,1
B,K38f6,The fire-creature,U113,Big Voice: Little Creature,0.559,0.425,1
B,M134,A tower of wolves,F772,Extraordinary Tower,0.559,0.372,1
B,F30A,Worm-baby,A13.4.2,Worm As Creator,0.559,0.374,1
B,F11,Biting penis,F547.3,Extraordinary Penis,0.559,0.367,1
B,B106,The sky cock,A2426.2.18,"Origin And Meaning Of Cock's Cry ""Cock-A-Doodle-Do""",0.558,0.376,1
B,H36ff,Death and the raven,B17.2.3,Hostile Raven,0.558,0.363,1
B,L39d,To pass an apple from hand to hand,D1641.6,Branch Leaps From Hand To Hand,0.558,0.357,1
B,F30A,Worm-baby,E618,Reincarnation As Worm,0.557,0.370,1
B,B106,The sky cock,A673.2,Cock Of Hell,0.557,0.409,1
B,K33c9,Girl from the apple,D1652.1.7.1,Inexhaustible Apple,0.557,0.398,1
B,A32G,Holding a bush,A419.1.1,Angel Of The Bush,0.557,0.399,1
B,M46E,The Sun as a toy,B182.1.0.1,Toy (Lap) Dogs,0.557,0.419,1
B,F9E,Mice in vagina,F547.5.5,Vagina As Bag,0.557,0.406,1
B,I122,The Pleiades are bees,F167.1.3.1,Bees In Otherworld,0.557,0.390,1
B,B107,The black oyster,K452.1,Dividing The Discovered Oyster,0.557,0.422,1
B,I95A,Orion is a balance,H226,Ordeal By Balance,0.557,0.394,1
B,M57B,Sweat of the Sun and tears of the Moon,A1319.8,Origin Of Sweat,0.557,0.460,1
B,I46C,Rainbow rope,A288,Rainbow-Goddess,0.556,0.471,1
B,B106,The sky cock,B623.5,Cock As Suitor,0.556,0.409,1
B,M121,Louse as a spy,B873.1,Giant Louse,0.556,0.493,1
B,L133,Limbs put aside,F231,Fairy's Limbs,0.556,0.413,1
B,H24A,A bag with stars,A751.9.2,Bag In The Moon,0.556,0.359,1
B,F19,Dangerous frog paramour,A2412.5.2.1,Why Frog Is Spotty All Over,0.555,0.486,1
B,M16A,Diving bird’s medicine,K1051.3,Diving To Become Strong,0.555,0.369,1
B,N4,Ribs with no intervals,E782.2,Substituted Ribs (Chariot Ribs),0.555,0.466,1
B,L78,Toad-jaguar,D112.6,Transformation: Man To Jaguar,0.555,0.423,1
B,L109,The cannibal gourd,G11.5,Water Cannibal,0.555,0.471,1
B,B61,The mole’s paw,B449.2,Helpful Mole,0.555,0.427,1
B,M90a6,Apples of immortality,D1346.3,Food Of Immortality,0.555,0.457,1
B,L41a1,The broken cauldron,F881.1.1,Gigantic Cauldron,0.554,0.438,1
B,H7b2,The immortal Poverty,B19.3.1,Immortal Horses,0.554,0.376,1
B,K25a3,The picked up feathers,D646,Transformation To Be Picked Up (Caught),0.554,0.350,1
B,M5C,The hairy octopus,D426.2,Transformation: Octopus To Stone,0.553,0.406,1
B,M163A,What cats feed on?,X1211,Lies About Cats,0.553,0.368,1
B,I99,The Pleiades are boys or men,A773,Origin Of The Pleiades,0.553,0.433,1
B,J36,Turtle as antagonist,B245.2,Turtle King,0.553,0.490,1
B,K80a3,One who picks up more berries is killed,A2687.3,Origin Of Berries,0.553,0.390,1
B,I82F,Venus is the Wolf star,D1314.13.1,Star Of Bethlehem,0.553,0.422,1
B,B61,The mole’s paw,A1893,Creation Of Mole,0.553,0.425,1
B,H45,The abused bread,L55.1,Abused Stepdaughter,0.553,0.358,1
B,D13E,Hunters laugh at killed animals,A189.12,Goddess Protects Animals From Hunters,0.513,0.553,1
B,B84,Fungi and excrescences (ogress transformed),G369.6,One-Breasted Ogress,0.552,0.372,1
B,L1c2,Hidden under the hearth,A1455.1,Origin Of The Domestic Hearth,0.552,0.381,1
B,L98,Dangerous owl,A2435.4.9,Food Of Owl,0.552,0.398,1
B,K76F,Youth the calf,B211.1.5.5,Speaking Calf,0.552,0.371,1
B,M114b1,"What is the fattest, sweetest, swiftest?",H633.4,What Is Sweetest? One's Own Interest,0.552,0.416,1
B,B102A,Clouds are cows,B19.6.1,Cows Of The Sun,0.551,0.426,1
B,B82,The white raven,B211.3.6,Speaking Raven,0.551,0.355,1
B,H15,Whisper and yawning,K2131.3,Woman Destroys Men's Friendship By Pretending To Whisper To One,0.551,0.405,1
B,K27ss,To win a race with an (old) woman,R39.2,Abduction By Old Woman,0.551,0.377,1
B,K33c9,Girl from the apple,D1346.6.2,Apple Of Immortality,0.551,0.397,1
B,K61B,To get know names,F0.1,Names For Otherworld,0.551,0.414,0
B,M89,Melted wax,D2144.5.2,Ice Melted By Magic,0.551,0.354,1
B,B52B,Some earth is concealed,A857,Steadying The Earth,0.551,0.359,1
B,K154,A skull with an inscription,F545.2.3,Man With Inscription On Forehead,0.551,0.389,1
B,B82,The white raven,A2411.2.1.5,Color Of Raven,0.550,0.476,1
B,G27,Plants from urine,A1012.2,Flood From Urine,0.550,0.402,1
B,I46E,Rainbow sword,V1.5.6.1,Worship Of Rainbow,0.550,0.472,1
B,K38e1,Forest of metal trees,F521.3,Men Of Metal,0.550,0.405,1
B,E1E,Son as a stalk,D977,Magic Stalk,0.550,0.434,1
B,E31a1,Three men construct a woman which becomes alive: to whom does she belong?,Z16.1,Four Brothers Construct A Woman,0.550,0.386,1
B,B42h2,Reddish star is the arrow,F831,Extraordinary Arrow,0.549,0.369,1
B,J22E,Placenta person,T588,Motifs Associated With The Placenta,0.549,0.515,1
B,H7f2,Death becomes invisible,D1982.3,Chariot Made Invisible,0.549,0.375,1
B,K136B,Rubies from a river,D915.4.1,Sabbatical River,0.549,0.363,1
B,K65B,Humans and spirits,F456,Mine Spirits,0.548,0.364,1
B,K65B,Humans and spirits,F497,Fire-Spirits,0.548,0.364,1
B,F54C,Recognized by imprints of finger-nails,D1252.1.2,Magic Nails,0.548,0.438,1
B,M84D,Conversation of trees,T42,Conversation Of Lovers,0.548,0.379,1
B,K56a2b,To bath lizards and bugs,B244.3,King Of Lizards,0.548,0.425,1
B,I46C,Rainbow rope,E644,Reincarnation As Rainbow,0.548,0.464,1
B,E39A,Female animal conceives from man’s urine,T512.2.1,Child Develops From Man's Urine,0.547,0.428,1
B,L14,Reared up serpent,F371,Human Being Reared In Fairyland,0.547,0.366,1
B,B82,The white raven,A13.2.1,Raven As Creator,0.547,0.352,1
B,H34E,The edible snow,A2686.4,Origin Of Edible Roots,0.547,0.433,1
B,N10,The transparent body,F809.7,Transparent Stone,0.547,0.410,1
B,I5A,Thunderous tapir,B611.8,Tapir Paramour,0.547,0.467,1
B,L130,One eye for three persons,T541.7,Birth From An Eye,0.524,0.547,1
B,J59A,Flight after the arrow,F831,Extraordinary Arrow,0.547,0.356,1
B,K27zy,Hero between two ogresses,G269.4.1,Curse By Other Angry Ogres Or Ogresses,0.547,0.432,1
B,H23,Fat horns,H1331.1.5,Quest For Fat Of Water Blackbirds,0.547,0.368,1
B,J60,Two-fold impregnation,T525.1,Impregnation By Star,0.547,0.368,1
B,K56a2b,To bath lizards and bugs,A446.1,God Of Lizards,0.547,0.423,1
B,I55B,The sun deer,E423.2.6,Revenant As Deer,0.547,0.365,1
B,M136,Sickle as an unknown beast,E772,Sickle With Life In It,0.547,0.386,1
B,I94,The Pleiades are openings,A773,Origin Of The Pleiades,0.547,0.546,1
B,L65a2,The shot off finger,F552.1.5,Milk From Finger,0.547,0.389,1
B,K76F,Youth the calf,E611.2.3,Reincarnation As Calf,0.546,0.365,1
B,B42h2,Reddish star is the arrow,E711.13,Soul In Arrow,0.546,0.368,1
B,K102a3,The tooth of death,F513.1.3,Person With Poisonous Tooth,0.546,0.431,1
B,M41,The eye-juggler,D29.2,Transformation Into Juggler,0.546,0.370,1
B,K65c2,Man and tiger among several sons,E695,Gradual Reincarnation -- Man To Tiger,0.546,0.370,1
B,J51A,Ladder made of bones,F848.4,Ladder Of Fire,0.546,0.461,1
B,K19B,Star-husband,D1314.13.1,Star Of Bethlehem,0.546,0.442,1
B,G23B,Alive being turns into nations,P710,Nations,0.546,0.378,1
B,B45B,The bull of cold,B871.1.1.2,Giant Bull,0.546,0.382,1
B,K19A,Star-wife,D1314.13.1,Star Of Bethlehem,0.545,0.426,1
B,K92C,"Wife is weaving, husband is selling",A1453.2,Origin Of Weaving,0.545,0.363,1
B,F14,Son of a man and a rock,F531.5.7.1.1,Mortal Son Of Man And Giantess,0.545,0.368,1
B,F30A,Worm-baby,A2332.6.4,Why Worm Is Blind,0.544,0.369,1
B,K37C,To recognize an object or an animal,A977.4,The Devil Turns Object Or Animal To Stone Which Is Still Seen,0.544,0.353,1
B,L130,One eye for three persons,F512.1.2,Three Women Have But One Eye Among Them,0.519,0.544,1
B,I100C,The Pleiades and a cuckoo,B469.8,Helpful Cuckoo,0.544,0.400,1
B,H34C,Flying rice,B49.3,Flying Fox,0.544,0.400,1
B,J59A,Flight after the arrow,E711.13,Soul In Arrow,0.544,0.355,1
B,H16,Rivers of tears,D1454.4,Treasure From Tears,0.544,0.391,1
B,B47,The Pleiades bring cold,A773,Origin Of The Pleiades,0.544,0.392,1
B,I37D,Mushrooms are excrements,D1454.5,Treasure From Excrements,0.544,0.477,1
B,I74A,Stars are fire-flies,A2545.1,Why Flies May Eat Anywhere,0.544,0.465,1
B,I15,No-mouth people,T541.4.1,Birth From Mouth,0.543,0.361,1
B,K27ss,To win a race with an (old) woman,M301.2,Old Woman As Prophet,0.543,0.371,1
B,K15A,Substituted weapon,D1610.9,Speaking Weapon,0.543,0.409,1
B,M33,Anus closed,F521.3.3.2,Person With Golden Anus,0.543,0.382,1
B,I88,Animal with many tails,F531.1.6.14,Giantess With A Tail (Many Tails),0.542,0.513,1
B,M201,The oak and the mushroom,A2761.1,Why Oak-Leaves Are Indented,0.542,0.368,1
B,M201,The oak and the mushroom,D1610.2.1,Speaking Oak,0.542,0.355,1
B,M150,The deceitful herdsman`,F271.6,Fairy As Herdsman,0.542,0.475,1
B,L15B,To kill with a reed,A1415.1,Fire Stolen In Hollow Reed,0.541,0.380,1
B,N21,The Dough-strong man,F631.1,Strong Man Drags Mill,0.541,0.451,1
B,C31c,The wise bat,A2317.8,Why Bat Is Bald,0.541,0.396,1
B,I46,Rainbow belt,G306,Rainbow As Ogre,0.541,0.512,1
B,H34C,Flying rice,F755.3,Flying Mountain,0.541,0.388,1
B,K134,The planted treasure,N510,Where Treasure Is Found,0.540,0.446,1
B,B23,Prohibited fire and smoke,A2816,Origin Of Smoke,0.540,0.410,1
B,F85,The Moon: contra men and pro women,A1316.2,Why Men Blink,0.540,0.367,1
B,B116d,The “book” as a part of the stomach,F883.1,Extraordinary Book,0.540,0.493,1
B,M112B,Animals build a road,B299.8,Animals Build Bridge,0.540,0.480,1
B,K76F,Youth the calf,B102.5.1,Silver Calf,0.540,0.366,1
B,J60,Two-fold impregnation,M115.1,Three-Fold Oath,0.540,0.354,1
B,L122,Riding a cock,Z32.1.1,The Death Of The Cock,0.539,0.456,1
B,M5C,The hairy octopus,B63,Mythical Octopus,0.539,0.458,1
B,I129,Constellation of Heron,A2431.2.2,Why Heron Has No Nest,0.539,0.443,1
B,M163A,What cats feed on?,B293.1,Dance Of Cats,0.539,0.356,1
B,F9E,Mice in vagina,B221.5,Land Of Mice,0.539,0.382,1
B,H16,Rivers of tears,D1454.4.1,Tears Of Gold,0.538,0.391,1
B,M94b1,Wolf under the mill wheel,D256,Transformation: Man To Wheel,0.538,0.360,1
B,I74,Stars are stones,A769.4,Speaking Stars,0.538,0.423,1
B,I105,The celestial hand,D572.7,Transformation By Celestial Dew,0.538,0.415,1
B,N28H,Horse has no horns,A2326.3.1,Why Cows Have Two Horns,0.538,0.353,1
B,I135,The sky skin or cloth,D572.3,Transformation By Cloth,0.538,0.407,1
B,K57C,A ring in the pie,T85.4.1,Ring Of Fastrada,0.538,0.370,1
B,I35A,Old woman’s thunder,D2143.5.1,Old Woman Has Control Over Frost,0.538,0.388,1
B,H16,Rivers of tears,A425.0.1,Angel Of Rivers,0.537,0.373,1
B,L9C,Sharp breast,F546,Remarkable Breast,0.537,0.425,1
B,D4C,Acquisition of summer,A1432.2,Acquisition Of Gold,0.537,0.435,1
B,B98C,The bat is deceived by God,B449.3,Helpful Bat,0.537,0.421,1
B,I8C,The suspended earth,D2137,Natural Law Suspended,0.537,0.351,1
B,K76c1,Woman gives birth to a gourd,T554.11,Supernaturally Impregnated Woman Gives Birth To Dragon,0.537,0.458,1
B,B33,Mother of wind,A282.0.2,Wind-Angel,0.537,0.381,1
B,I46C,Rainbow rope,F843,Extraordinary Rope,0.536,0.407,1
B,M163A,What cats feed on?,B268.11,Army Of Cats,0.536,0.351,1
B,I74A,Stars are fire-flies,X1294,Lies About Flies,0.536,0.444,1
B,M121,Louse as a spy,A2051,Creation Of Louse,0.536,0.471,1
B,I50B,Predator animal with more than four legs,A2371.1,Origin Of Animal's Legs,0.536,0.387,1
B,M89A,Horns of hyena,D113.5,Transformation: Man To Hyena,0.536,0.357,1
B,I129,Constellation of Heron,B291.1.7,Heron As Messenger,0.535,0.436,1
B,E9i5,Snail-wife,A2494.12.10,Enmity Between Porcupine And Snail,0.535,0.415,1
B,I46C,Rainbow rope,T521.2,Conception From Rainbow,0.535,0.454,1
B,L65b4,Tooth as an axe,E711.14,Soul In Axe,0.535,0.386,1
B,A45,The insulted Moon,F451.3.6.1,Dwarf Is Insulted When Scolded,0.535,0.392,1
B,K76F,Youth the calf,E423.1.8.1,Revenant As Calf,0.534,0.357,1
B,B33E,If February were like January,A1161,February's Shortage Of Days,0.534,0.516,1
B,M5B,The ungrateful passenger,T261,The Ungrateful Wife,0.534,0.441,1
B,H16,Rivers of tears,T541.3,Birth From Tears,0.534,0.390,1
B,B74B,The marriage of the owl and the Moon,A2435.4.9,Food Of Owl,0.534,0.400,1
B,M39a2d,Planting of meat,A1441.4,Origin Of Sowing And Planting,0.534,0.393,1
B,L41B,Pitch basket,Q475.2,Shower Of Pitch As Punishment,0.534,0.411,1
B,B102A,Clouds are cows,V1.5.1,Worship Of Clouds,0.534,0.464,1
B,M32,Anus opened,F521.3.3.2,Person With Golden Anus,0.534,0.351,1
B,F20,A strong embrace,D735.3,Disenchantment From Tree Form By Embrace Of Lover,0.534,0.354,1
B,I92a,Jump over the rainbow,G306,Rainbow As Ogre,0.534,0.492,1
B,L109,The cannibal gourd,G11.2,Cannibal Giant,0.534,0.450,1
B,L9D,Sharp hands,F515.0.1,Person Without Hands,0.533,0.488,1
B,A1,The old sun,A718,Sun From Transformation,0.533,0.370,1
B,F9E,Mice in vagina,F547.5.2,Enormous Vagina,0.533,0.391,1
B,I100C,The Pleiades and a cuckoo,E122.1,Resuscitation By Cuckoo,0.533,0.389,1
B,M38c3,Old woman transformed into monkey,D518,Woman Transformed For Nourishing An Animal,0.533,0.352,1
B,I8F,One support of the world,Z71.6.2,Nine Whirlpools Of The World,0.533,0.361,1
B,I8F,One support of the world,A697.3,Deva World,0.533,0.361,1
B,I130,The sky net,F531.4.12,Giant's Net Can Hem In Whole Forest,0.533,0.420,1
B,F70A,Disordered clothes as evidence against innocent man,E631.0.5,Tree From Innocent Man's Blood,0.533,0.351,1
B,N28A1,Belt of mountains,F162.9,Mountains In Otherworld,0.533,0.420,1
B,I46A,Old woman’s rainbow,D2143.5.1,Old Woman Has Control Over Frost,0.532,0.424,1
B,D4I,Beaver obtains fire,A2432.3,Beaver's Dwelling,0.512,0.532,1
B,K27n3a1,Hero’s rivals are the elements,K2220,Treacherous Rivals,0.532,0.352,1
B,H12B,Ghosts feed on excrements,A2385,Excrements Of Animals,0.532,0.476,1
B,I120,Cornucopia,D1470.2.3,Horn Of Plenty (Cornucopia,0.532,0.417,1
B,A32H,The Moon plant,B286,Plant Wedding,0.532,0.378,1
B,I100C,The Pleiades and a cuckoo,A2411.2.6.10,Color Of Cuckoo,0.532,0.390,1
B,B74B,The marriage of the owl and the Moon,T100,Marriage,0.532,0.384,1
B,B74B,The marriage of the owl and the Moon,B602.2,Marriage To Fulmar,0.532,0.384,1
B,B74B,The marriage of the owl and the Moon,B601.17,Marriage To Coati-Puri,0.532,0.384,1
B,H7f2,Death becomes invisible,D1655.1.1,Invisible Arrows,0.532,0.400,1
B,E9i5,Snail-wife,A2181,Origin Of Snail,0.531,0.408,1
B,I81A,The chthonic crab,B178.1,Magic Crab,0.531,0.380,1
B,F9E,Mice in vagina,F547.5.6,Vagina In Forehead,0.531,0.381,1
B,I96,Bloody rainbow,G306,Rainbow As Ogre,0.531,0.491,1
B,B4A,Islands cut off by a fish,A692,Islands Of The Blest,0.531,0.471,1
B,B5A,Two creators: a dialogue,A15.2,Brothers As Creators,0.531,0.363,1
B,B16A,Sea from the urine,D562.2.2,Human Urine Softens Rock,0.531,0.467,1
B,N4,Ribs with no intervals,A1312.2,Why An Uneven Number Of Ribs,0.531,0.370,1
B,C33,Prometeus (the chained strong man),F631.1,Strong Man Drags Mill,0.530,0.418,1
B,M81e2,Attracting persons and animals from a distance,F512.2.1,Persons (Animals) With Four (Six) Eyes,0.530,0.387,1
B,L98,Dangerous owl,B461.2,Helpful Owl,0.530,0.374,1
B,N32,Sitting on several trees,H1461,Test: Sitting Up With Corpse,0.530,0.361,1
B,B116d,The “book” as a part of the stomach,M302.8,Prophecy From Book,0.530,0.482,1
B,B72,The thirsty cuckoo,A2435.4.1,Food Of Cuckoo,0.530,0.386,1
B,H7b2,The immortal Poverty,U60,Wealth And Poverty,0.529,0.441,1
B,L109,The cannibal gourd,A711.2,Sun As A Cannibal,0.529,0.445,1
B,D4C,Acquisition of summer,A1433,Acquisition Of Money,0.529,0.441,1
B,K47A,A woman and a dog,T554.2,Woman Bears Dog,0.529,0.360,1
B,I122,The Pleiades are bees,X1282,Lies About Bees,0.529,0.379,1
B,E9i2,Duck-wife,A2426.2.10,Why Duck Quacks,0.529,0.375,1
B,B61,The mole’s paw,A2332.6.5,Why Mole Is Blind,0.529,0.411,1
B,J36,Turtle as antagonist,B875.3,Giant Turtle,0.529,0.467,1
B,M75D,Vulture’s knife,D152.3,Transformation: Man To Vulture,0.528,0.437,1
B,I50A,Torn off legs of the helpful animal,B312.3,Helpful Animal(S) Bequeathed To Hero,0.528,0.388,1
B,B98A,Bat becomes an outcast,B449.3,Helpful Bat,0.528,0.361,1
B,E9C,Ungulate animal-wife,D314,Transformation: Ungulate Animal (Wild) To Person,0.528,0.411,1
B,I100C,The Pleiades and a cuckoo,E613.5,Reincarnation As Cuckoo,0.528,0.385,1
B,D4H,Swallow obtains fire,A2455.2,Why Swallow Is Thief,0.526,0.527,1
B,J23E,Flying though the ogre’s body,G362.2,Pug-Nosed Ogre,0.527,0.380,1
B,B45B,The bull of cold,F685,Marvelous Withstander Of Cold,0.527,0.371,1
B,E33,People from seeds,A1425.0.1,Hoarded Seeds,0.527,0.433,1
B,I82A,Venus is male,G207,Male Witch,0.527,0.412,1
B,I121,Twin constellations,F961.2.5.1,Constellations Bewail Man's Death,0.527,0.391,1
B,M75D,Vulture’s knife,A2317.7,Why Vulture Is Bald,0.527,0.409,1
B,I20B,Belt on armpits,F829.3,Extraordinary Belt,0.527,0.394,1
B,I37D,Mushrooms are excrements,D1610.6.4,Speaking Excrements,0.527,0.459,1
B,M74,Vomits compared,F1041.20,Person Vomits Iron,0.527,0.395,1
B,I44,Chthonic serpent,B91.2,Plumed Serpent,0.527,0.418,1
B,H36gg,Death and the coyote,A522.1.3,Coyote As Culture Hero,0.526,0.368,1
B,I45B,Not to point at the rainbow,G306,Rainbow As Ogre,0.526,0.391,1
B,B42h2,Reddish star is the arrow,D1610.9.2,Speaking Arrow,0.526,0.353,1
B,I35A,Old woman’s thunder,D1470.2.4,Supplies From Toe Of Old Woman,0.526,0.378,1
B,M5C,The hairy octopus,K366.8,Thieving Octopus,0.526,0.448,1
B,G11,Squirrel the woodcutter,A2435.3.13,Food Of Squirrel,0.526,0.463,1
B,A23B,First beams on the tree tops,E501.16.2,Wild Hunt Disappears With Movement Of Tree Tops,0.526,0.406,1
B,G9,Restored forest,F812,Extraordinary Forest,0.526,0.358,1
B,E38C,First people are dumb,A2422.3,Why White Crow Is Dumb,0.525,0.353,1
B,L98,Dangerous owl,B623.2,Owl As Suitor,0.525,0.374,1
B,I47A,Rainbow is fox’s wedding,A2525.3,Why Fox Is Sly,0.525,0.377,1
B,I98B,The Pleiades are a duck’s nest,A773,Origin Of The Pleiades,0.524,0.432,1
B,B81,Rifle for the dog,D2087.7,Witches Rifle Drawers Of Chests In House,0.524,0.380,1
B,F20,A strong embrace,D735.4,Disenchantment By Enduring Animal's Embrace,0.524,0.468,1
B,I46C,Rainbow rope,V1.5.6.1,Worship Of Rainbow,0.524,0.444,1
B,M39a4,Fool and his shadow,T532.8,Impregnation By Shadow Of Bhimsen,0.524,0.409,1
B,J24,Grounded to powder,D476.1.10,Bone-Powder Changed Into Cheese,0.524,0.484,1
B,B14A,Tears turn info the rain,D1004,Magic Tears,0.524,0.389,1
B,E6,Because of a woman worlds become isolated,E480.2,Three Worlds Of Dead,0.523,0.385,1
B,J60,Two-fold impregnation,T532.8,Impregnation By Shadow Of Bhimsen,0.523,0.350,1
B,B102A,Clouds are cows,F967.3,Conversation Between Clouds,0.523,0.465,1
B,M84D,Conversation of trees,F967.3,Conversation Between Clouds,0.523,0.362,1
B,A32H,The Moon plant,D1658.2.3,Grateful Plant,0.523,0.367,1
B,I96,Bloody rainbow,A791.2,Rainbow As Snake,0.523,0.360,1
B,L69,Puma rescues man from a monster,B547.1,Animal Rescues Man From Well,0.523,0.365,1
B,K30A,The chief’s wife and vultures,B242.2.11,King Of Vultures,0.522,0.470,1
B,I46,Rainbow belt,A288,Rainbow-Goddess,0.522,0.485,1
B,B33,Mother of wind,A1129.3,Wind Is Blind,0.522,0.374,1
B,L65b4,Tooth as an axe,S139.4,Murder By Mangling With Axe,0.522,0.377,1
B,F9E,Mice in vagina,X1226,Lies About Mice,0.522,0.372,1
B,J19B,Belly burned through,G366.1,Ogres Who Have No Belly,0.522,0.354,1
B,L87,Taste of blood,D1665.3,Fruit Has Any Taste Desired,0.522,0.376,1
B,G27,Plants from urine,A923.1,Ocean From Urine,0.522,0.384,1
B,E9L,Mouse-wife,D117.1,Transformation: Man To Mouse,0.521,0.473,1
B,M66,Itch after artichoke eating,X34,Use Of Itch-Producing Ointment,0.521,0.370,1
B,L17B,Two faces,V347,Idols Found On Their Faces After Saint's Arrival,0.521,0.364,1
B,K35,False husband,K1831,Service Under A False Name,0.521,0.363,1
B,I46A,Old woman’s rainbow,D1470.2.4,Supplies From Toe Of Old Woman,0.521,0.413,1
B,K75a2,The gardener,F614.3,Strong Man As Gardener: Destroys Plants,0.521,0.354,1
B,B83,Bag too heavy to be lifted up,D1654.16,Pot Cannot Be Lifted,0.521,0.363,1
B,I80A,The youngest Thunder,A284.1,Goddess Of Thunder,0.520,0.410,1
B,K15A,Substituted weapon,E785.1,Substituted Skin,0.520,0.358,1
B,B98B,Bat and funerals,B449.3,Helpful Bat,0.520,0.423,1
B,F78,Toothed anus,G363.3,Diamond-Toothed Ogre,0.520,0.415,1
B,C22,The drought,A1065,Continuous Drought At End Of World,0.519,0.370,1
B,H34E,The edible snow,A1135.2,Origin Of Snow,0.519,0.462,1
B,C2A,Conflagration of the woodpecker,A1957,Creation Of Woodpecker,0.518,0.401,1
B,K140,Ostentatiously ungrateful,T261,The Ungrateful Wife,0.518,0.367,1
B,F28D,Artificial conception,H57.5,Recognition By Artificial Hands,0.518,0.354,1
B,I76B,Mouse turns into bat,B449.3,Helpful Bat,0.518,0.443,1
B,A32B,The Moon toad,B214.4.1,Weeping Toad,0.518,0.357,1
B,F6,Gouged our vagina,F547.5,Extraordinary Vagina,0.518,0.448,1
B,D1a4,The chat of two fires,V511.2.1,Vision Of Fires Of Hell,0.517,0.383,0
B,I120A,Entering animal’s ear,D1011.2,Magic Ear Of Animal,0.517,0.397,1
B,F9E,Mice in vagina,F547.5.4,Double Vagina,0.517,0.378,1
B,L98,Dangerous owl,A2411.2.4.2,Color Of Owl,0.517,0.364,1
B,I74,Stars are stones,D1291.2.1,Sign In Stars As Portent,0.517,0.411,1
B,L65b4,Tooth as an axe,D1610.14.2,Speaking Axe,0.516,0.371,1
B,I130,The sky net,A1457.3,Origin Of The Net For Fishing,0.516,0.463,1
B,I92a,Jump over the rainbow,A288,Rainbow-Goddess,0.515,0.466,1
B,C35B,Frog is the enemy of the Sun,A2162,Origin Of Frog,0.515,0.411,1
B,K56d1,Treasure in a pumpkin,D981.11,Magic Pumpkin,0.515,0.365,1
B,K119e,A success story of a miller,P443.0.1,Water-Miller,0.515,0.420,1
B,M90a6,Apples of immortality,D1346.6,Fruit Of Immortality,0.515,0.420,1
B,H54B,The glance of death,F531.3.14,Beam Breaks At Giant's Glance,0.515,0.352,1
B,J36,Turtle as antagonist,B604.2.1,Marriage To Turtle,0.515,0.455,1
B,J23A,A mucus-boy,F51.1.7,Sky-Rope Of Mucus,0.515,0.353,1
B,I46,Rainbow belt,E644,Reincarnation As Rainbow,0.514,0.477,1
B,K56a2b,To bath lizards and bugs,A2052,Creation Of Bugs,0.514,0.396,1
B,L42b1,Ladder of pots and pans,F848.4,Ladder Of Fire,0.514,0.355,1
B,N26,When wheat grew on the ice,D1033.2,Magic Wheat,0.514,0.420,1
B,I50,Ungulate animal with more than four legs,D314,Transformation: Ungulate Animal (Wild) To Person,0.513,0.376,1
B,K33c2,Girl from the pomegranate,D211.2,Transformation: Man (Woman) To Pomegranate,0.513,0.416,1
B,I82H,Venus’ name is Čolpan,W181.6,Jealousy Of Venus In The Love Of Psyche And Cupid,0.513,0.373,1
B,K99a2,The sold dream,H24,Recognition From Dream,0.513,0.363,1
B,M39a4h,The lost camel of the king,A2356.2.13,Why Camel Has Humped Back,0.513,0.396,1
B,I46D,Rainbow snare,G306,Rainbow As Ogre,0.513,0.507,1
B,I8F,One support of the world,A665,Support Of The Sky,0.513,0.358,1
B,B74B,The marriage of the owl and the Moon,B461.2,Helpful Owl,0.513,0.376,1
B,I96,Bloody rainbow,A288,Rainbow-Goddess,0.513,0.465,1
B,L98,Dangerous owl,E613.2,Reincarnation As Owl,0.513,0.359,1
B,I95B,Orion is a shoulder-yoke,A772,Origin Of Orion,0.513,0.482,1
B,D4H,Swallow obtains fire,A2411.2.1.4,Color Of Swallow,0.513,0.506,1
B,C31c,The wise bat,A2491.1,Why Bat Flies By Night,0.513,0.389,1
B,M142,Animal blames its tail,A2378.2.5,Why Hydrax Has No Tail,0.512,0.369,1
B,K120a3,Jewelry in a nut,F813.3,Extraordinary Nut,0.512,0.381,1
B,I95,The Pleiades are a sieve for grain,A773,Origin Of The Pleiades,0.512,0.454,1
B,I47A,Rainbow is fox’s wedding,G306,Rainbow As Ogre,0.512,0.463,1
B,I80A,The youngest Thunder,A284.0.1,Angel Of Thunder,0.512,0.408,1
B,I4C,Storm-god as a prisoner,R51.4,Prisoner Massacred,0.511,0.429,1
B,F42,The men abandon the women,A1372.3,Why Women Are Roving,0.511,0.365,1
B,F42,The men abandon the women,A1372.1,Why Women Are Prattlers,0.511,0.365,1
B,H34C,Flying rice,A2771.4.1,Why Rice Has Ears Only At Top,0.510,0.430,1
B,L122,Riding a cock,E524.2,Ghost Of Cock,0.510,0.425,1
B,L81C,"Feetless, handless and blind",F167.6,Handless People In Otherworld,0.510,0.360,1
B,I103,The dog star,D293,Transformation: Man To Star,0.510,0.365,1
B,B72,The thirsty cuckoo,B469.8,Helpful Cuckoo,0.510,0.364,1
B,B100,The acquisition of the sleep,A1399.2.1,Origin Of Sleep,0.510,0.363,1
B,B33,Mother of wind,V1.5.3,Worship Of Wind,0.510,0.356,1
B,C6E,The diver is a crustacean,A2431.3.2,Diver's Nest,0.510,0.387,1
B,M66A,A hill of excrements,E649.1,Reincarnation As Hill,0.509,0.392,1
B,I8F,One support of the world,A840,Support Of The Earth,0.509,0.402,1
B,I74A,Stars are fire-flies,A769.4,Speaking Stars,0.509,0.436,1
B,B104,Chicken turns into tortoise,B469.5.1,Helpful Chicken,0.509,0.359,1
B,M182a1,Captured wild animals ransom themselves,B845,Wild Animals Herded,0.509,0.438,1
B,B44F,Fox stands for day,A2525.3,Why Fox Is Sly,0.509,0.375,1
B,B102A,Clouds are cows,D1812.5.0.10,Divination From Clouds,0.509,0.442,1
B,B1A,Three worlds: the universe divided between gods,A650,The Universe As A Whole,0.509,0.387,1
B,B1A,Three worlds: the universe divided between gods,A618.1,Universe Coughed Into Being,0.509,0.387,1
B,H12B,Ghosts feed on excrements,D1454.5,Treasure From Excrements,0.509,0.449,1
B,C2A,Conflagration of the woodpecker,D353.1,Transformation: Woodpecker To Person,0.508,0.385,1
B,I45B,Not to point at the rainbow,A288,Rainbow-Goddess,0.508,0.370,1
B,N28i,Whisk for the sea,F711.2.4,Sea Of Slime,0.508,0.398,1
B,B74B,The marriage of the owl and the Moon,B623.2,Owl As Suitor,0.508,0.375,1
B,K27L,Water covered with ice,F759.5,Mountain Of Ice,0.508,0.415,1
B,K38f6,The fire-creature,C747,Tabu: Not To Allow Any Other Creature On Raft,0.508,0.373,1
B,I92a,Jump over the rainbow,E644,Reincarnation As Rainbow,0.508,0.458,1
B,B45B,The bull of cold,A605.2,Primeval Cold,0.508,0.365,1
B,J1,The vengeful heroes,Z261,Giant Heroes,0.507,0.356,1
B,L122A,Stitching up cracks in the earth,A857,Steadying The Earth,0.507,0.372,1
B,B104,Chicken turns into tortoise,A1988,Creation Of Chicken,0.507,0.357,1
B,B42O,Broken back constellation,A777,Origin Of Constellation Scorpio,0.506,0.366,1
B,B42O,Broken back constellation,A779.2,Origin Of Constellation Aquila,0.506,0.366,1
B,B42O,Broken back constellation,A776,Origin Of Constellation Lyra,0.506,0.366,1
B,I74,Stars are stones,V1.4.4,Worship Of Stars,0.506,0.396,1
B,I112,The alive boat,A757,Moon-Boat,0.506,0.392,1
B,I48A,Falling down into the underworld,A305,Demigod Of Underworld,0.506,0.399,1
B,I51B,The earth is an animal,F949.1,Animal Sinks Into Earth,0.506,0.397,1
B,B111,Bees emerge from the bull,B297.0.1,Bull Lows Musically,0.506,0.357,1
B,F51B,Following the thread,D454.4.1,Transformation: Thread To Other Object,0.506,0.353,1
B,L108b2,Ants make the voice thin,A2522.3,Why White Ants Are A Pest,0.506,0.352,1
B,N28A1,Belt of mountains,A418.1,Angel Of Mountains,0.505,0.403,1
B,N12,Cloak of beards,D1610.26.1,Speaking Cloak,0.505,0.380,1
B,L41a1,The broken cauldron,W151.0.1,Cauldron Of Greed,0.505,0.410,1
B,I96,Bloody rainbow,E644,Reincarnation As Rainbow,0.505,0.457,1
B,K27n3a1,Hero’s rivals are the elements,F531.6.5.4,Giants As Controllers Of The Elements,0.505,0.379,1
B,B102A,Clouds are cows,A2326.3.1,Why Cows Have Two Horns,0.505,0.390,1
B,I7,The cloud serpent,F967.4,Thin Cloud In Form Of Rainbow,0.505,0.364,1
B,B38C,Raven and loon paint each other,A2411.2.6.1,Color Of Loon,0.505,0.436,1
B,J61,As light as a feather,D275,Transformation: Man To Feather,0.505,0.360,1
B,M150,The deceitful herdsman`,K2255,Treacherous Herdsman,0.504,0.441,1
B,I74,Stars are stones,D1761.1,Wishing By Stars,0.504,0.398,1
B,K133,Foam-flecked horse,T546.1,Birth From Sea-Foam,0.504,0.357,1
B,B38E,Tail base of the loon,A2411.2.6.1,Color Of Loon,0.504,0.385,1
B,A32C,A man and a dog in the Moon,B25.1,Man With Dog's Head,0.503,0.357,1
B,B33D,The old woman of winter,H1149.3,Task: Defeating A Certain Old Woman,0.503,0.352,1
B,H36gg,Death and the coyote,A2335.4.4,Why Coyote Has Long Muzzle,0.503,0.351,1
B,I41A,Rainbow from anthill or termite nest,B481.2,Helpful Termite,0.503,0.405,1
B,D4C,Acquisition of summer,A1428,Acquisition Of Wine,0.503,0.411,1
B,A32I,A shepherd in the moon,A1461.6,Origin Of Shepherd's Pipe,0.503,0.365,1
B,F84,Prolonged celibacy imitated,A1556.2,Origin Of Celibacy,0.503,0.435,1
B,I47,Rainbow is filth,G306,Rainbow As Ogre,0.502,0.361,1
B,K33a1a,The heroine in the belly of a whale,A2135,Origin Of Whale,0.502,0.354,1
B,K99a2,The sold dream,F471,Dream Demons,0.502,0.359,1
B,I46,Rainbow belt,T521.2,Conception From Rainbow,0.502,0.467,1
B,G27,Plants from urine,A2772,Color Of Plants,0.502,0.388,1
B,B45B,The bull of cold,Z139.4,Cold Personified,0.501,0.352,1
B,M75D,Vulture’s knife,H132,Recognition By Knife,0.501,0.374,1
B,I45B,Not to point at the rainbow,E644,Reincarnation As Rainbow,0.501,0.364,1
B,L15a2,Made invulnerable but not the entire body,D1840.2.1,Invulnerable Cat,0.501,0.450,1
B,E9i2,Duck-wife,A2375.2.8,Explanation Of Duck's Feet,0.501,0.375,1
B,K35a6,The shining feather,H78,Recognition By Feather,0.501,0.376,1
B,H12B,Ghosts feed on excrements,E499.2,Orchestra Of Ghosts,0.500,0.403,1
B,K56a2b,To bath lizards and bugs,F872.5.1,Bath Of Fire,0.500,0.376,1
B,E1E,Son as a stalk,D213.6,Transformation: Man To Plantain Stalk,0.500,0.398,1
B,B74B,The marriage of the owl and the Moon,A2411.2.4.2,Color Of Owl,0.500,0.366,1
