{
  "n_clusters_found": 8,
  "n_noise_points": 0,
  "noise_ratio": 0.0,
  "avg_intra_distance": 1.4846669435501099,
  "avg_inter_distance": 8.860790252685547,
  "separation_ratio": 5.968200673679565,
  "silhouette_score": 0.4790423810482025,
  "davies_bouldin_score": 0.7791262094239165,
  "calinski_harabasz_score": 13463.994140625,
  "adjusted_rand_score": 0.6663493141901956,
  "normalized_mutual_info": 0.7042234734572733,
  "adjusted_mutual_info": 0.7037512406088275,
  "homogeneity": 0.6242545879603132,
  "completeness": 0.8076911303483119,
  "v_measure": 0.7042234734572733,
  "cluster_compactness": 0.40246842845310804
}