{
  "n_clusters_found": 23,
  "n_noise_points": 0,
  "noise_ratio": 0.0,
  "avg_intra_distance": 0.7027327131663206,
  "avg_inter_distance": 0.5967011102559285,
  "separation_ratio": 0.8491153166434464,
  "silhouette_score": 0.027235592466092525,
  "davies_bouldin_score": 3.9185096674319517,
  "calinski_harabasz_score": 342.59622496175575,
  "adjusted_rand_score": 0.21874608680709295,
  "normalized_mutual_info": 0.44442928844750285,
  "adjusted_mutual_info": 0.4423505322418275,
  "homogeneity": 0.541915510640131,
  "completeness": 0.376669490283432,
  "v_measure": 0.44442928844750285,
  "cluster_compactness": 0.5872912361802504
}