{
  "n_clusters_found": 15,
  "n_noise_points": 1161,
  "noise_ratio": 0.04522260740856152,
  "avg_intra_distance": 0.5100080966949463,
  "avg_inter_distance": 7.385189533233643,
  "separation_ratio": 14.480533899545096,
  "silhouette_score": 0.6129443049430847,
  "davies_bouldin_score": 0.3995969999676907,
  "calinski_harabasz_score": 24942.0390625,
  "adjusted_rand_score": 0.7163679913163058,
  "normalized_mutual_info": 0.7942924046502182,
  "adjusted_mutual_info": 0.7936407471942947,
  "homogeneity": 0.7675697042377512,
  "completeness": 0.8229429058465105,
  "v_measure": 0.7942924046502182,
  "cluster_compactness": 0.6622481046219325
}