{
  "n_clusters_found": 23,
  "n_noise_points": 0,
  "noise_ratio": 0.0,
  "avg_intra_distance": 0.5927493736218223,
  "avg_inter_distance": 0.6412713647449526,
  "separation_ratio": 1.081859202695822,
  "silhouette_score": 0.03288418648789365,
  "davies_bouldin_score": 2.983282618608486,
  "calinski_harabasz_score": 206.69533719712305,
  "adjusted_rand_score": 0.841371518412286,
  "normalized_mutual_info": 0.8508943314201614,
  "adjusted_mutual_info": 0.850257342549632,
  "homogeneity": 0.8348765734452511,
  "completeness": 0.867538738496713,
  "v_measure": 0.8508943314201615,
  "cluster_compactness": 0.6278451692158298
}