{
  "n_clusters_found": 23,
  "n_noise_points": 0,
  "noise_ratio": 0.0,
  "avg_intra_distance": 0.6830299494226256,
  "avg_inter_distance": 0.7152226956003844,
  "separation_ratio": 1.0471322614842464,
  "silhouette_score": 0.03962353732938507,
  "davies_bouldin_score": 2.938742574777753,
  "calinski_harabasz_score": 221.76336398909504,
  "adjusted_rand_score": 0.7886992498637788,
  "normalized_mutual_info": 0.8281392580709541,
  "adjusted_mutual_info": 0.8274081217084744,
  "homogeneity": 0.8360229607189733,
  "completeness": 0.8204028531517958,
  "v_measure": 0.8281392580709541,
  "cluster_compactness": 0.5941664914180859
}