{
  "n_clusters_found": 23,
  "n_noise_points": 0,
  "noise_ratio": 0.0,
  "avg_intra_distance": 0.6501377589159184,
  "avg_inter_distance": 0.4744209303266896,
  "separation_ratio": 0.7297236990476751,
  "silhouette_score": 0.025999044655929185,
  "davies_bouldin_score": 4.3684513015494515,
  "calinski_harabasz_score": 258.63675762894667,
  "adjusted_rand_score": 0.4277690821916594,
  "normalized_mutual_info": 0.698202955575946,
  "adjusted_mutual_info": 0.6970441708524544,
  "homogeneity": 0.8301339617223716,
  "completeness": 0.6024561801501674,
  "v_measure": 0.6982029555759461,
  "cluster_compactness": 0.6060100101321021
}